submitted_on	district	enrollment_male_total	enrollment_female_total	enrollment_male_disability	enrollment_female_disability	gps_latitude	gps_longitude	gps_method	photo_cbcc	cbcc_has_water	main_water_source	water_source_available_now	water_source_functional_status	breakdown_cause	breakdown_past_12_months	breakdown_fixed_date	distance_water_market_magnitude	distance_water_market_unit	water_available_year_round	alternative_water_source	water_supply_satisfaction	why_not_satisfied_water	complaint_about_water	alt_water_available_now	distance_alt_water_magnitude	distance_alt_water_unit	main_water_50m_from_contaminants	water_treatment_method	water_treatment_method_other	treatment_meets_who_standards	last_microbacteria_test_date	microbacteria_test_result_fcu	water_quality_meets_who	water_mgmt_committee_available	committee_trained_on_maintenance	committee_functional	committee_functional_comments	operation_funds_available	funds_amount_account	funds_source	other_source_of_funds	financial_records_kept	has_wash_plan_budget	additional_comments_1	usable_toilets_for_kids	girls_toilet_total	boys_toilet_total	usable_toilets_for_staff	male_staff_toilet_total	female_staff_toilet_total	toilet_for_physically_challenged	toilet_for_adolescent_girls	toilets_visibly_clean	toilet_cleaning_frequency	toilet_cleaning_frequency_other	handwashing_at_toilets	complaint_about_sanitation	complaint_recipient	group_handwashing_station	group_handwashing_count	soap_water_at_handwash	toilet_has_ventilation	toilets_within_30m_cbcc	open_defecation_near_cbcc	has_waste_bins	waste_bins_count	solid_waste_management	solid_waste_management_other	surrounding_clean	dialogue_on_wash_issues	last_wash_inspection	cbcc_provides_meals	kitchen_sanitary_condition	kitchen_sanitary_condition_other	additional_comments_2	cbcc_cleaning_frequency	cleaning_materials_used	surface_detergent_available	disinfection_tools_available	hygiene_poster_visible	daily_group_handwashing	caregiver_wash_training	handwashing_in_cbcc	soap_water_available_now	demonstrate_handwashing	soap_stock_available	soap_provider	learners_hygiene_education	hand_hygiene_protocol_visible	slts_triggered	wash_teaching_by_caregivers	hygiene_iec_materials	key_handwashing_times	key_handwashing_times_other	iec_materials_for_training	wash_improvement_equipment	wash_improvement_equipment_other	additional_comments_3
08/23/21	 Thyolo	15	20	0	1	-15.922767	35.0866448	GPS	https://api.mwater.co/v3/images/6c1b9a1e906249ff9ee65cb9308f190b	Yes	Borehole or tubewell	No	Not functional 	NA	NA	3/24/2021	100	metres	Yes	NA	Slightly Satisfied.	NA	NA				No	Other	Covered in bucket	No	No	NA	No	No	NA	NA	NA	No	NA	Community contribution	NA	No	No	NA	Yes	4	4	No	0	0	No	No	No	Daily 	NA	Yes	NA	NA	No	0	No	No	No	No	Yes	Yes	NA	NA	No	Yes	Within the year	Yes	Other	Not available	NA	Daily	Bloom	Yes	Yes	No	No	No	No	Yes	Yes	Yes	Owner	Yes	No	No	Yes	No	"After visiting the toilet, Before eating, After eating"	NA	Yes	Hand washing stations	NA	
08/25/21	 Thyolo	25	20	1	0	-15.9418909	35.0724557	GPS	https://api.mwater.co/v3/images/865904ba18804e5cbd8fc076a9e6912e	No	NA	NA	NA	NA	NA	NA	8	Kms	No	Borehole or tubewell	NA	NA	NA	Yes	200	Meters	No	Chlorine/water guard	NA	Yes	Never tested	NA	No	NA	NA	NA	NA	NA	NA	NA	NA	NA	No	School has no borehole	No	0	0	No	0	0	No	No	Yes	Daily 	NA	No	NA	NA	No	0	No	No	Yes	No	No	NA	Burns it	NA	Yes	Yes	Within the month	No	Other	Not applicable	School has no Toilets they are using owners house Toilets	Daily	"Water, Bloom, Mop"	Yes	Yes	No	No	No	No	No	No	No	Committee	No	No	No	No	No	"After visiting the toilet, Before eating, After eating, After changing baby nappies"	NA	No	Hand washing stations	NA	
09/13/21	 Thyolo	20	13	0	0	-15.8619641	35.1338464	GPS	https://api.mwater.co/v3/images/3daeeef070064ab2afcfd5a4578dbfdb	No	NA	NA	NA	NA	NA	NA	100	metres	No	Borehole or tubewell	NA	NA	NA	Yes	100	Meters	Yes	Other	Direct use from water point	No	Never tested	NA	No	NA	NA	NA	NA	NA	NA	NA	NA	NA	Not	NA	No	0	0	No	0	0	No	No	No	NA	NA	No	NA	NA	No	0	No	No	No	No	No	NA	Burns it	NA	No	No	More than a year a ago	No	Other	Not applicable	NA	Daily	"Bloom, Mop"	No	No	Yes	No	No	No	No	No	No	Parents	No	No	No	No	No	"After visiting the toilet, Before eating, After eating, After changing baby nappies"	NA	No	Hand washing stations	NA	
09/15/21	 Thyolo	16	15	2	0	-16.0535108	35.3144467	GPS	https://api.mwater.co/v3/images/3ca7cd0dc01c41cbaa98a3333b4bf3cb; https://api.mwater.co/v3/images/1da304716d21433a81732691e8729505	Yes	Borehole or tubewell	Yes	Functional	Rubber got finished	Yes	8/17/2021	100	metres	Yes	NA	Satisfied	NA	NA				No	Other	No treatment	No	Doesn't know	NA	Yes	No	NA	NA	NA	No	NA	Community contribution	NA	Yes	No budget and plan	NA	No	0	0	No	0	0	No	No	No	Weekly 	NA	No	NA	NA	No	0	No	Yes	Yes	No	No	NA	No management 	NA	Yes	No	More than a year a ago	Yes	Somewhat clean	NA	NA	Weekly	"Bloom, Mop, Water"	No	No	No	No	No	Yes	No	Yes	No	Sometimes the caregiver provides soap	No	No	No	Yes	No	"After visiting the toilet, Before eating, After eating"	NA	No	Soap	NA	
09/15/21	 Thyolo	11	14	1	0	-16.0323477	35.2703129	GPS	https://api.mwater.co/v3/images/db9332cf09864da0a5000e7441b96688; https://api.mwater.co/v3/images/5295e3e6d636497a8006d5ea072e4d82	Yes	Borehole or tubewell	Yes	Functional	NA	No	NA	25	metres	Yes	NA	Satisfied	NA	NA				No	Other	No treatment	No	2019	NA	Yes	Yes	Yes	Yes	NA	Yes	" K50,000 or less"	Community contribution	NA	Yes	Regulations are in place eg cleaning the point	NA	No	0	0	No	0	0	No	No	No	Daily 	NA	No	NA	NA	No	0	No	No	Yes	No	No	NA	No management 	NA	No	No	More than a year a ago	Yes	Other	No kitchen	NA	Weekly	Bloom	No	No	No	Yes	No	Yes	No	No	No	Caregiver provides soap	No	No	No	Yes	No	"After visiting the toilet, Before eating, After eating"	NA	No	Hand washing stations	NA	
09/15/21	 Thyolo	10	15	0	0	-16.0437627	35.2981655	GPS	https://api.mwater.co/v3/images/698d416904f5453bb3df7f52a062c051; https://api.mwater.co/v3/images/e6e850b5a9284eb5b6e1f0156c1bd9f4	Yes	Borehole or tubewell	Yes	Functional	NA	No	NA	50	metres	Yes	NA	Satisfied	NA	NA				No	Other	No treatment	No	No idea	NA	Yes	No	NA	NA	NA	Yes	" K50,000 or less"	Community contribution	NA	Yes	Regulations are in place eg no washing of utensils at the water point	NA	No	0	0	No	0	0	No	No	No	Weekly 	NA	No	NA	NA	No	0	No	Yes	Yes	No	Yes	Yes	NA	NA	Yes	No	More than a year a ago	Yes	Other	No kitchen	NA	Weekly	"Bloom, Mop, Water"	No	No	No	Yes	No	Yes	No	Yes	No	Caregiver	No	No	No	Yes	No	"After visiting the toilet, Before eating, After eating"	NA	No	Soap	NA	
09/15/21	 Thyolo	12	13	0	0	-16.1851915	35.1010405	GPS	https://api.mwater.co/v3/images/85aa24612de04463a0da8463b05025b3; https://api.mwater.co/v3/images/8eb9643b93594570b0edfdeeb9495241	Yes	Borehole or tubewell	Yes	Functional	Pipe were broken	Yes	8/11/2021	10	metres	Yes	NA	Satisfied	NA	NA				Yes	Other	No treatment	No	None	NA	Yes	No	NA	NA	NA	No	NA	Community contribution	NA	No	There are no such structures hence interaction	Its a private owned institution hence no structures	Yes	16	20	Yes	34	14	Yes	Yes	Yes	Daily 	NA	Yes	Yes	District water office	NA	0	Yes	NA	Yes	Yes	Yes	Yes	NA	NA	Yes	Yes	Within the month	No	Clean 	NA	NA	Daily	"Bloom, Mop, Water, Soap"	Yes	Yes	No	No	No	No	Yes	Yes	Yes	School owner	No	No	No	Yes	No	"After visiting the toilet, Before eating, After eating"	Arrival and leaving school premises	No	Hand washing stations	NA	The CBCC toilets is not child friendly
09/16/21	 Thyolo	26	49	1	1	-16.1109735	35.2449425	GPS	https://api.mwater.co/v3/images/50e25b6917534331a0e7b1b639a67229	Yes	Piped supply	Yes	Functional	NA	No	9/9/2021	5	metres	Yes	NA	Satisfied	NA	NA				No	Chlorine/water guard	NA	Yes	Not known	NA	No	Yes	No	Yes	NA	No	NA	Community contribution	NA	Yes	Not done	NA	Yes	2	1	No	0	0	No	No	Yes	Daily 	NA	Yes	NA	NA	No	0	Yes	Yes	Yes	No	Yes	Yes	NA	NA	Yes	Yes	Within the month	Yes	Somewhat clean	NA	NA	Daily	"Bloom, Mop"	Yes	Yes	No	No	No	Yes	No	Yes	Yes	Committee	No	No	No	Yes	No	"After visiting the toilet, Before eating, After eating, After changing baby nappies"	NA	No	Soap	NA	
09/20/21	 Thyolo	40	56	0	0	-16.1337236	35.0737335	GPS	https://api.mwater.co/v3/images/f1be8156b21c4d7ca352847d1208e60d; https://api.mwater.co/v3/images/5543635d663e4728bdc0e030658f09db	Yes	Borehole or tubewell	Yes	Functional	Rubber worn out	Yes	8/18/2021	150	metres	Yes	NA	Very satisfied	NA	NA				Yes	Other	No treatment	Yes	NA	NA	Yes	No	NA	NA	NA	No	NA	Water point fee	NA	Yes	The CBCC has no borehole purposely drilled for the CBCC but it uses community bore hole near to CBCC hence structures responsible for water point are community owned	NA	No	0	0	No	0	0	No	No	Yes	Daily 	NA	Yes	NA	NA	Yes	1	No	Yes	Yes	No	No	NA	Burries it	NA	Yes	No	Within the month	No	Other	No chicken available	They use a house but children learn outside under trees	Daily	Bloom	No	No	No	No	No	Yes	No	Yes	No	Parents	No	No	No	Yes	No	"After visiting the toilet, Before eating"	Arrival and departure	No	Other	Good structure with space & ventilation	The caregivers not trained and has no structure
09/20/21	 Thyolo	21	23	0	0	-15.8991819	35.1307078	GPS	https://api.mwater.co/v3/images/b1a79e419c7140d08186fc1414d0ae0c	No	NA	NA	NA	NA	NA	NA	5	Kms	No	Borehole or tubewell	NA	NA	NA	Yes	200	Meters	Yes	Other	Direct use from water point	No	Not tested	Not applicable	No	NA	NA	NA	NA	NA	NA	NA	NA	NA	No	NA	Yes	1	1	No	0	0	No	No	Yes	Daily 	NA	No	NA	NA	No	0	No	Yes	No	No	No	NA	Burns it	NA	Yes	Yes	Within the year	No	Other	Not available	NA	Daily	"Bloom, Mop, Water"	Yes	Yes	No	No	No	No	No	Yes	No	Parents	No	No	No	Yes	No	"After visiting the toilet, Before eating, After eating, After changing baby nappies"	NA	No	Hand washing stations	NA	
09/21/21	 Thyolo	13	10	0	0	-15.8929712	35.1461005	GPS	https://api.mwater.co/v3/images/db8edbf40689433299c973de48ef59c8	No	NA	NA	NA	NA	NA	NA	500	metres	No	Borehole or tubewell	NA	NA	NA	Yes	500	Meters	Yes	Other	Direct use from water point	No	Not tested	Not applicable	No	NA	NA	NA	NA	NA	NA	NA	NA	NA	No	NA	No	0	0	No	0	0	No	No	No	Daily 	NA	No	NA	NA	No	0	No	No	No	No	No	NA	Burns it	NA	Yes	Yes	Within the year	Yes	Other	No Shelter	NA	Daily	Bloom	Yes	Yes	No	No	No	No	No	Yes	No	Parents	No	No	No	Yes	No	"After visiting the toilet, Before eating, After eating"	NA	No	Water availability	NA	
09/21/21	 Thyolo	10	15	0	0	-15.8956604	35.1607617	GPS	https://api.mwater.co/v3/images/8c3cc7adc3244f2f9333bbddd8fe8179	No	NA	NA	NA	NA	NA	NA	30	metres	No	Borehole or tubewell	NA	NA	NA	Yes	130	Meters	Yes	Other	Direct use from water point	No	Not tested	Not applicable	No	NA	NA	NA	NA	NA	NA	NA	NA	NA	Yes	NA	Yes	1	0	No	0	0	No	No	Yes	Weekly 	NA	No	NA	NA	No	0	No	Yes	No	No	No	NA	Burns it	NA	Yes	Yes	Within the year	No	Other	Not applicable	NA	Daily	"Bloom, Mop"	Yes	Yes	No	No	No	No	No	No	No	Parents	Yes	No	No	Yes	No	"After visiting the toilet, Before eating, After eating, After changing baby nappies"	NA	No	Other	"Toilets,Soap and hand washing station"	
09/23/21	 Thyolo	30	82	1	1	-16.1422617	35.1257492	GPS	https://api.mwater.co/v3/images/44c9a315df4241b585f615aa88650797; https://api.mwater.co/v3/images/b29aecc975c14870b036e16ce5b7e8fb	Yes	Borehole or tubewell	Yes	Functional	Worn out og rubber	Yes	9/21/2021	60	metres	Yes	NA	Not Satisfied.	Distant water points	Yes				Yes	Other	No treatment	Yes	They dont know	Negative	No	No	NA	NA	NA	No	NA	Other	Communities around the CBCC pay and CBCC is exampted	No	No plan or budget the community and parents are responsible for such operations	NA	No	0	0	No	0	0	No	No	No	Daily 	NA	No	NA	NA	No	0	No	No	Yes	No	No	NA	Burns it	NA	No	Yes	More than a year a ago	No	Other	Not applicable 	The CBCC has no purposely built toilet for learners they use a church toilet	Daily	Bloom	No	Yes	No	Yes	No	No	No	No	No	Parents	No	No	No	Yes	No	"After visiting the toilet, Before eating"	Arrival and departure times	No	Other	"Buckets, soap atationed handwash"	"The CBCC lacks more facilities related to sanitation and hygiene eg. Soap, handwash facilities, toilets that are child friendly"
09/23/21	 Thyolo	30	24	3	0	-16.1554449	35.1535527	GPS	https://api.mwater.co/v3/images/9d77cf3e745f4b55aad8a769a2d803f1; https://api.mwater.co/v3/images/baee9c9ae0df486fb961093cf9e43e8e	Yes	Unprotected dug well	Yes	Functional	Siltation due to running water from the near by river	Yes	9/20/2021	300	metres	Yes	NA	Not Satisfied.	"Poor water quality, Distant water points"	Yes				Yes	Other	No treatment	No	Never tested	Not applicable	No	No	NA	NA	NA	No	NA	Other	Community member voluntarily do maintenance	No	Its a community water point and they just solidalitary maintain it at no cost as such no plan or budget	The well is not protected	No	0	0	No	0	0	No	No	No	Other	No toilet hence they do not clean but use toilets of nearby HHs	No	NA	NA	No	0	No	No	No	No	No	NA	Burns it	NA	No	No	More than a year a ago	No	NA	NA	Sanitation is a big challenge at this CBCC	Daily	Bloom	No	No	No	No	No	No	No	No	No	Soap is not purchased	No	No	No	Yes	No	Other	Hand wash is not been practiced	No	Other	"Buckets, handwash facilities tube well borehole and proper shelter for children as well as toilets"	Children learn under the tree they have no structure  no toilets and hand wash facilities. These need to be provided because it the current status put children at risk
09/23/21	 Thyolo	18	15	0	0	-16.1262204	35.0853458	GPS	https://api.mwater.co/v3/images/c9d6b9977e0c4bb0b771e4b6f06c45e5; https://api.mwater.co/v3/images/c3701aaf58ca42848c375292d31ba572; https://api.mwater.co/v3/images/6090887507c24360a249c10fba78008f	Yes	Borehole or tubewell	Yes	Functional	They dont know what was broken	Yes	9/7/2021	300	metres	Yes	NA	Satisfied	NA	NA				Yes	Chlorine/water guard	NA	Yes	They dont remember	None	No	No	NA	NA	NA	No	NA	Other	The primary school committee take care of the operation and maintenance	No	They use the primary school bore hence the structures mentioned are primary based and what happened there interms of budget or plans they do not know	They do not have their own water point	Yes	1	1	No	0	0	No	No	Yes	Daily 	NA	No	NA	NA	No	0	No	Yes	Yes	No	No	NA	Burns it	NA	No	Yes	Within the month	No	NA	NA	The kitchen is not available since they do not provide meals	Daily	"Bloom, Mop, Soap, Water"	Yes	Yes	No	No	No	No	No	No	Yes	Parents provide money for soap	Yes	No	No	Yes	No	"After visiting the toilet, Before eating, After eating"	Arrival and departure times	No	Soap	NA	"The other equipments and tools required are soap, hand wash facilie, buckets with taps, chlorine or water gaurd"
09/23/21	 Thyolo	25	25	0	0	-16.2131984	35.0689625	GPS	https://api.mwater.co/v3/images/83656eb4b6834724bce2c9af30ac0901; https://api.mwater.co/v3/images/a99e0e7cc7194d12a55c6ee467d0d665	Yes	Borehole or tubewell	Yes	Functional	NA	No	NA	300	metres	Yes	NA	Not Satisfied.	"Overcrowding at the water points, Inadequate water supply / low pressure"	Yes				No	Other	No treatment only covering	Yes	Never tested	NA	Yes	No	NA	NA	NA	No	NA	Community contribution	NA	Yes	None 	Parents just contribute money for soap purchase when urs needed	No	0	0	No	0	0	No	No	No	Daily 	NA	No	NA	NA	Yes	3	No	No	Yes	No	No	NA	Burns it	NA	Yes	No	More than a year a ago	No	NA	NA	The CBCC uses toilet of houses around the area no toilet specifically for CBCc	Daily	Mop	No	No	No	Yes	No	No	No	No	No	Parents	No	No	No	Yes	No	"After visiting the toilet, After eating, Before eating"	Arrival  and departure	No	Other	"Borehole nearby, proper structure, hand wash facility"	"CBCC has no any structure, no had facility toilets a thing that is not health for children. "
09/24/21	 Thyolo	11	23	0	0	-15.9709282	35.0734255	GPS	https://api.mwater.co/v3/images/6c754c43e84b48feb778e650c2cb1ce9	No	NA	NA	NA	NA	NA	NA	150	metres	No	Borehole or tubewell	NA	NA	NA	Yes	150	Meters	Yes	Other	Covered in a bucket	No	Never tested	NA	No	NA	NA	NA	NA	NA	NA	NA	NA	NA	Not	NA	Yes	0	1	No	0	0	No	No	NA	Daily 	NA	No	NA	NA	No	0	No	No	No	No	No	NA	Burns it	NA	Yes	Yes	Within the year	No	Other	Not applicable	NA	Daily	"Bloom, Mop, Water"	Yes	Yes	No	No	No	No	No	Yes	Yes	CBO	No	No	No	Yes	No	"After visiting the toilet, Before eating, After eating, After changing baby nappies"	NA	No	Waste sites 	NA	
09/27/21	 Thyolo	60	90	3	1	-16.0231536	35.2333234	GPS	https://api.mwater.co/v3/images/bdb4739cf58f4e84b0e44acaf93f8924; https://api.mwater.co/v3/images/88cde840b86749c094ba4f2db04e0b08	No	NA	NA	NA	NA	NA	NA	200	metres	No	Borehole or tubewell	NA	NA	NA	Yes	200	Meters	Yes	Other	not treated	No	not done previously	No result available 	No	NA	NA	NA	NA	NA	NA	NA	NA	NA	no plan available	NA	No	0	0	No	0	0	No	No	No	Other	no toilet available	No	NA	NA	No	0	No	No	No	No	No	NA	Other	Disposed by caregivers at their homes	Yes	Yes	Within the year	No	Other	food not provided because of lack of supplies	NA	Daily	Bloom	No	No	No	Yes	No	No	No	Yes	No	caregivers	Yes	No	No	Yes	No	"After visiting the toilet, Before eating, After eating"	NA	No	Other	Buckets and soap	
09/27/21	 Thyolo	19	39	1	1	-16.024329	35.2162176	GPS	https://api.mwater.co/v3/images/4b463df2f10a4cbe82edf34c6da7f428	No	NA	NA	NA	NA	NA	NA	200	metres	No	Borehole or tubewell	NA	NA	NA	Yes	250	Meters	Yes	Other	niot treated	No	test not done	test not performed 	No	NA	NA	NA	NA	NA	NA	NA	NA	NA	no plan availabe	NA	Yes	1	0	No	0	0	No	No	Yes	Daily 	NA	No	NA	NA	No	0	Yes	Yes	Yes	No	No	NA	Burns it	NA	Yes	No	Within the year	Yes	Somewhat clean	NA	NA	Daily	Bloom	Yes	Yes	No	Yes	No	No	Yes	Yes	Yes	caregivers	Yes	No	No	Yes	No	"After visiting the toilet, Before eating"	NA	No	Soap	NA	
09/28/21	 Thyolo	40	38	0	2	-16.0223587	35.2376561	GPS	https://api.mwater.co/v3/images/748604ee81694e45b6904318e40323dd; https://api.mwater.co/v3/images/b2b38745739a48838c1c6b71e177ab1e	No	NA	NA	NA	NA	NA	NA	150	metres	No	Borehole or tubewell	NA	NA	NA	Yes	150	Meters	Yes	Other	not treated	No	Never tested	not available	No	NA	NA	NA	NA	NA	NA	NA	NA	NA	Plan not available	NA	No	0	0	No	0	0	No	No	No	Other	"toilets not available, use household toilets for community members"	No	NA	NA	Yes	1	No	No	No	No	No	NA	Other	Caregivers collect them to their homes	Yes	Yes	Within the month	No	Other	Food not provided	NA	Daily	Bloom	No	No	No	No	No	No	No	No	No	nobody	No	No	No	Yes	No	"Before eating, After visiting the toilet"	before entering class	No	Other	"soap, buckets, cups, basins"	"the CBCC does not have permanent structures, uses under the tree hence most of the required materials are not available."
09/28/21	 Thyolo	24	27	0	0	-15.9551004	35.1543617	GPS	https://api.mwater.co/v3/images/eb984c63b6ed4eb6b5bc7ec7e347d8a0; https://api.mwater.co/v3/images/af62108651454c77b440ecef9907ed2b; https://api.mwater.co/v3/images/a5152a7b64374df9aec2f99dacca0756; https://api.mwater.co/v3/images/22ccd00fbe904dd1abc0c7f6aa9df456	No	NA	NA	NA	NA	NA	NA	500	metres	No	Borehole or tubewell	NA	NA	NA	Yes	500	Meters	Yes	Other	Not treated	Yes	NA	0	Yes	NA	NA	NA	NA	NA	NA	NA	NA	NA	Yes parents of children make contributions to buy supplies	No water source at the institution they use alternative source. Budget finance is sourced out from PTA	Yes	1	1	Yes	1	1	No	No	Yes	Weekly 	NA	Yes	NA	NA	Yes	1	No	Yes	No	No	Yes	Yes	NA	NA	No	Yes	More than a year a ago	Yes	Other	They is no kitchen they cook outside using firewood	"No kitchen available
Not enough toilets boys and girls students share one toilet "	After every two days	"Bloom, Water, Mop"	No	Yes	No	Yes	Yes	Yes	No	Yes	No	Parents	No	No	No	Yes	No	"After visiting the toilet, Before eating, After eating, After changing baby nappies, Before breastfeeding"	NA	No	Other	"Water availability, soap, toilets,poster for IEC, buckets "	Teachers seem experience but they lack financial and material support to promote WASH
09/28/21	 Chikwawa	19	23	0	0	-16.0020581	34.8725902	GPS	https://api.mwater.co/v3/images/6709476f585f4df9860826314ba2c048	No	NA	NA	NA	NA	NA	NA	0	metres	No	Borehole or tubewell	NA	NA	NA	Yes	500	Meters	Yes	Chlorine/water guard	NA	No	2021	Good quality	Yes	NA	NA	NA	NA	NA	NA	NA	NA	NA	Yes through the committee	NA	Yes	1	1	No	0	0	Yes	Yes	Yes	Daily 	NA	No	NA	NA	No	0	Yes	Yes	Yes	No	No	NA	Burries it	NA	Yes	Yes	More than a year a ago	No	Other	They don't have	NA	Daily	"Bloom, Soap"	Yes	No	No	Yes	No	Yes	Yes	No	No	Parent committee	Yes	No	No	No	No	"After visiting the toilet, Before eating, After eating, After changing baby nappies, Before breastfeeding"	NA	No	Hand washing stations	NA	
09/28/21	 Thyolo	15	19	1	0	-15.9672004	35.1119954	GPS	https://api.mwater.co/v3/images/153995f9eb7c474bb36462b3f6d4c845; https://api.mwater.co/v3/images/7f5c7b7912884aca9752663177fc30f5; https://api.mwater.co/v3/images/cb4afc53ca1e47c2b62fdecb1d248d53; https://api.mwater.co/v3/images/e9d296446f914f5781d8672c5a43e779; https://api.mwater.co/v3/images/2c2f6b126ab74e288ec80e926bbfe407	Yes	Borehole or tubewell	Yes	Functional	Failure to release enough water	Yes	8/16/2021	2	Kms	Yes	NA	Satisfied	NA	NA				Yes	Other	Not treated	Yes	2020	No micro bacteria found	Yes	Yes	Yes	Yes	Committee meet once a month for fee collection k300 per month	No	NA	Water point fee	NA	No	No plan and budget	"Committee not active, borehole working but not producing enough water"	Yes	1	1	Yes	1	1	No	No	Yes	Weekly 	NA	Yes	NA	NA	Yes	1	No	Yes	No	No	No	NA	Burns it	NA	Yes	Yes	More than a year a ago	Yes	Somewhat clean	NA	NA	After every two days	"Mop, Bloom, Water"	No	Yes	No	No	No	No	No	Yes	No	Church bought the soap	No	No	No	Yes	No	"After visiting the toilet, Before eating, After changing baby nappies, After eating, Before breastfeeding"	NA	Yes	Other	Soap and waste site	This sbcc uses church premise it doesn't have it's own building. Both staff and students use same toilets
09/28/21	 Thyolo	15	20	0	1	-15.9601105	35.1247007	GPS	https://api.mwater.co/v3/images/2a6dcabf8b96403983c98d093f15f4b7; https://api.mwater.co/v3/images/efc3feb696604204abd3b953963e310b; https://api.mwater.co/v3/images/8ad71bae1148460a99d3dfd156aa6daf; https://api.mwater.co/v3/images/ee7a592e2fe54970a29d79ec10704063	No	NA	NA	NA	NA	NA	NA	3	Kms	No	Borehole or tubewell	NA	NA	NA	Yes	100	Meters	Yes	Chlorine/water guard	NA	Yes	NA	No bacteria found	Yes	NA	NA	NA	NA	NA	NA	NA	NA	NA	No plan and budget	Water source is a community borehole about 100 meter from the cbcc	Yes	1	1	Yes	1	1	No	No	Yes	Daily 	NA	No	NA	NA	Yes	1	Yes	Yes	No	No	No	NA	Burries it	NA	Yes	Yes	More than a year a ago	Yes	Other	No kitchen they cooked outside	"Both kids and staff uses same toilet, no kitchen premise,"	Daily	"Bloom, Mop, Water, Soap"	Yes	Yes	No	Yes	Yes	Yes	Yes	Yes	Yes	Caregivers through fee collection	No	No	No	Yes	No	"After visiting the toilet, After eating, After changing baby nappies, Before eating, Before breastfeeding"	NA	No	NA	NA	"Cbcc uses church premise.
Cbcc Requires financial support to construct their own block as land is already available.
Cbcc training materials, buckets, teachers uses basic knowledge from school there not specialist trainined in ECD."
09/28/21	 Thyolo	23	36	1	0	-15.9375429	35.1950205	GPS	https://api.mwater.co/v3/images/587d8a18a1be4033900f4e258ae4755a	No	NA	NA	NA	NA	NA	NA	200	metres	No	Borehole or tubewell	NA	NA	NA	Yes	200	Meters	Yes	Other	No treatment 	No	2021	Negative 	Yes	NA	NA	NA	NA	NA	NA	NA	NA	NA	As of now no any agreement 	They use a secondary school borehole n there sanitary materials ( buckets)  got broken. 	Yes	0	1	No	0	0	No	No	Yes	Weekly 	NA	No	NA	NA	No	0	No	Yes	Yes	Yes	Yes	Yes	NA	NA	Yes	Yes	More than a year a ago	No	Other	They just cook be hide there CBCC	They do not receive food regulary	Monthly	"Bloom, Mop"	No	No	No	No	No	No	No	No	No	There is no specific individual to buy soap. Last time it was bought by caregivers themselves 	No	No	No	Yes	No	"Before eating, After visiting the toilet"	NA	No	Water availability	NA	
09/28/21	 Thyolo	9	14	0	0	-15.9324654	35.1761314	GPS	https://api.mwater.co/v3/images/4fe42c46235447cb83d654e4fe004809	No	NA	NA	NA	NA	NA	NA	250	metres	No	Borehole or tubewell	NA	NA	NA	Yes	250	Meters	Yes	Other	No treatment 	Yes	Not done	Negative 	No	NA	NA	NA	NA	NA	NA	NA	NA	NA	No any plan or budget 	"The CBCC does not have their own water supply, uses of primary school"	No	0	0	No	0	0	No	No	Yes	Weekly 	NA	No	NA	NA	No	0	No	Yes	Yes	Yes	Yes	Yes	NA	NA	Yes	No	More than a year a ago	Yes	Other	Chooses one parent to cook at home	They do not have a kitchen 	Other	"Bloom, Mop, Water"	No	No	No	Yes	No	No	No	No	No	CBCC Committee 	No	No	No	Yes	No	"After visiting the toilet, Before eating, After eating"	NA	No	Hand washing stations	NA	"The CBCC have no any structure, uses primary school premises ( teaching room  and toilets"
09/28/21	 Thyolo	15	22	0	0	-16.0287453	35.0453641	GPS	https://api.mwater.co/v3/images/c082e81200ae41cb8cee82dedaa0e64f	Yes	Unprotected dug well	Yes	Partially functional 	NA	NA	9/12/2021	300	metres	Yes	NA	Not Satisfied.	"Inadequate water supply / low pressure, Overcrowding at the water points, Distant water points, Poor water quality"	No				Yes	Other	Direct use	No	Not tested	NA	No	No	NA	NA	NA	No	NA	Other	Nothing	No	Yes	NA	Yes	1	1	No	0	0	No	No	No	Daily 	NA	No	NA	NA	No	0	No	No	No	No	No	NA	Burns it	NA	No	No	More than a year a ago	No	Other	Not applicable	It has one toilet and poor. Condition	Daily	"Bloom, Mop, Water"	Yes	Yes	No	No	No	No	No	No	No	Parents	No	No	No	Yes	No	"After visiting the toilet, Before eating, After eating, After changing baby nappies, Before breastfeeding"	NA	No	Water availability	NA	
09/28/21	 Thyolo	45	44	0	0	-16.0055269	35.027727	GPS	https://api.mwater.co/v3/images/34ccc41eabc640e3bd4a8fdf67ac0dd5	No	NA	NA	NA	NA	NA	NA	2	Kms	No	Unprotected spring	NA	NA	NA	Yes	200	Meters	Yes	Chlorine/water guard	NA	Yes	Not tested	Not applicable	No	NA	NA	NA	NA	NA	NA	NA	NA	NA	Yes	No borehole	Yes	1	1	No	0	0	No	No	No	Daily 	NA	No	NA	NA	No	0	No	No	No	No	No	NA	Burns it	NA	Yes	No	More than a year a ago	No	Other	Not applicable	NA	Daily	"Bloom, Mop, Water"	Yes	Yes	No	Yes	No	No	No	No	No	Parents	No	No	No	Yes	No	"After visiting the toilet, Before eating, After eating, After changing baby nappies"	NA	No	Water availability	NA	
09/28/21	 Thyolo	34	18	0	0	-15.8703702	35.1382412	GPS	https://api.mwater.co/v3/images/5093cd37666840fb9c989f471c2afb6d	No	NA	NA	NA	NA	NA	NA	300	metres	No	Borehole or tubewell	NA	NA	NA	Yes	300	Meters	Yes	Other	Direct from water point	No	Never tested	Not applicable	No	NA	NA	NA	NA	NA	NA	NA	NA	NA	Yes	NA	Yes	1	0	No	0	0	No	No	Yes	Daily 	NA	No	NA	NA	No	0	No	Yes	No	No	No	NA	Burns it	NA	Yes	Yes	More than a year a ago	No	Other	Not applicable	NA	Daily	"Bloom, Mop"	Yes	Yes	No	No	No	No	No	Yes	No	Parents	No	No	No	No	No	"After visiting the toilet, Before eating, After eating, After changing baby nappies"	NA	No	Water availability	NA	
09/28/21	 Thyolo	18	22	0	0	-15.9523948	35.0182711	GPS	https://api.mwater.co/v3/images/2c031e8cd49347c48fd938ffed4455d7	No	NA	NA	NA	NA	NA	NA	3	Kms	No	Borehole or tubewell	NA	NA	NA	Yes	200	Meters	Yes	Other	Direct use	No	Never tested	NA	No	NA	NA	NA	NA	NA	NA	NA	NA	NA	Yes	NA	No	0	0	No	0	0	No	No	No	Other	Ziro	No	NA	NA	No	0	No	No	No	No	No	NA	No management 	NA	No	No	More than a year a ago	No	Other	Not applicable	NA	Other	Other	No	No	No	No	No	No	No	No	No	None	No	No	No	No	No	Other	Not practiced	No	NA	NA	School closed parents unable to pay School fees.
09/28/21	 Thyolo	22	18	0	0	-16.1993162	35.1291424	GPS	https://api.mwater.co/v3/images/36c7ece252b1479286f2eb7fdff0b47a	No	NA	NA	NA	NA	NA	NA	5	Kms	No	Borehole or tubewell	NA	NA	NA	Yes	500	Meters	Yes	Other	Not treated	No	Not treated	Not applicable	Yes	NA	NA	NA	NA	NA	NA	NA	NA	NA	No plan and budget for the CBCC	There are no WASH facilities in place . need support	No	0	0	No	0	0	No	No	No	Daily 	NA	No	NA	NA	No	0	No	No	No	No	No	NA	Burns it	NA	No	Yes	More than a year a ago	No	Other	No kitchen In place	There are no essential WASH facilities at CBCC	Daily	Bloom	No	No	No	No	No	No	No	No	No	No any support from Well Wishers	Yes	No	No	Yes	No	"Other, Before eating, After visiting the toilet, After eating"	When entering the classroom	No	Hand washing stations	NA	"They need buckets and utensils, "
09/28/21	 Thyolo	25	30	1	1	-16.1846275	35.074776	GPS	https://api.mwater.co/v3/images/6abacc5046d64a1a933837557a9b1653	No	NA	NA	NA	NA	NA	NA	7	Kms	No	Borehole or tubewell	NA	NA	NA	Yes	200	Meters	Yes	Other	Not treated	No	Not tested	Not known	Yes	NA	NA	NA	NA	NA	NA	NA	NA	NA	No plan and budget because learners attend the CBCC free of charge	Needs help	No	0	0	No	0	0	No	No	No	Daily 	NA	No	NA	NA	No	0	No	No	Yes	No	No	NA	No management 	NA	No	Yes	More than a year a ago	Yes	Other	"No kitchen, they prepare meals under the tree"	In need of support	After every two days	"Bloom, Mop, Water"	No	No	No	No	No	No	Yes	Yes	No	Caregivers they sponsor themselves	Yes	No	No	Yes	No	"After visiting the toilet, Before eating, After changing baby nappies, After eating"	NA	No	Water availability	NA	We need a borehole and improved pitlatrine
09/28/21	 Thyolo	27	52	0	1	-16.1375718	35.0685348	GPS	https://api.mwater.co/v3/images/f1d040a011244ef4a177632f7b0dbebf	Yes	Borehole or tubewell	No	Not functional 	NA	NA	9/16/2021	100	metres	Yes	NA	Satisfied	NA	NA				Yes	Other	 Not treated	No	Not tested	Not known	Yes	Yes	No	Yes	Newly Established	Yes	" K50,000 or less"	Water point fee	NA	Yes	No plan in place	The borehole only worked for three weeks then it was vandlised	No	0	0	No	0	0	No	No	No	Daily 	NA	No	NA	NA	Yes	1	Yes	No	Yes	No	No	NA	Other	Uses rubbish pits	Yes	Yes	Within the year	Yes	Somewhat clean	NA	Using the one for the nearby neighbors	Daily	"Bloom, Mop, Water"	No	No	No	Yes	Yes	No	No	Yes	No	They buy on their own	Yes	No	No	Yes	No	"After visiting the toilet, After eating, Before eating, After changing baby nappies"	NA	No	Hand washing stations	NA	New CBCC is under construction
09/28/21	 Thyolo	37	23	1	1	-16.1928558	35.1325713	GPS	https://api.mwater.co/v3/images/f2d355ea3d2f4af2a67abc819aaa2e66	No	NA	NA	NA	NA	NA	NA	6	metres	No	Borehole or tubewell	NA	NA	NA	Yes	100	Meters	No	Boiling	NA	Yes	Not tested	Not known	Yes	NA	NA	NA	NA	NA	NA	NA	NA	NA	No plan and budget for the water source is for the community not CBCC	Need to improve the CBCC because there is nothing for the CBCC	No	0	0	No	0	0	No	No	No	Daily 	NA	No	NA	NA	No	0	No	No	Yes	No	No	NA	Burns it	NA	Yes	Yes	More than a year a ago	Yes	Somewhat clean	NA	They use a kitchen for one of the community members	Daily	Bloom	No	No	No	No	No	No	No	No	No	Caregivers buy on their own using their money	Yes	No	No	Yes	No	"Other, After visiting the toilet, Before eating, After eating, After changing baby nappies"	Before entering into the classroom	No	Hand washing stations	NA	They also need to be supported with soap and hand washing bucket
09/28/21	 Thyolo	22	28	0	0	-16.2138146	35.1221468	GPS	https://api.mwater.co/v3/images/121f7ba26f7946359e83deb8e05281c2	No	NA	NA	NA	NA	NA	NA	6	Kms	No	Unprotected dug well	NA	NA	NA	Yes	600	Meters	Yes	Other	Not treated	No	Not tested	Not known	No	NA	NA	NA	NA	NA	NA	NA	NA	NA	No plan and budget in place	The status of CBCC in terms of WASH is  very poor. They need support	No	0	0	No	0	0	No	No	No	Daily 	NA	No	NA	NA	No	0	No	No	No	No	No	NA	Burns it	NA	Yes	Yes	More than a year a ago	No	Other	No meals provision	Need support in provision of meals and kitchen	Daily	Bloom	No	No	No	No	No	No	No	No	No	Parents contribute towards procurement of soap	Yes	No	No	Yes	No	"After visiting the toilet, Before eating, After eating"	NA	No	Water availability	NA	They need potable water for the CBCC and the village. No improved water source in the village
09/28/21	 Thyolo	19	4	0	0	-16.1810391	35.0809136	GPS	https://api.mwater.co/v3/images/85dd34b3f6a245ea8522075d566f09b8	No	NA	NA	NA	NA	NA	NA	8	Kms	No	Borehole or tubewell	NA	NA	NA	Yes	150	Meters	No	Other	Not treated	No	Not tested	Not known	Yes	NA	NA	NA	NA	NA	NA	NA	NA	NA	No plan and budget In place	It is a free of charge CBCC	No	0	0	No	0	0	No	No	No	Weekly 	NA	No	NA	NA	No	0	No	No	Yes	No	No	NA	Burns it	NA	Yes	Yes	More than a year a ago	No	Other	Not provided	There is nothing interns of WASH	After every two days	Bloom	No	No	No	No	No	No	No	No	No	No Donors	No	No	No	No	No	"Before eating, After eating, After visiting the toilet, Before breastfeeding, After changing baby nappies"	NA	No	Hand washing stations	NA	"It needs a borehole, handwashing facility, cups for drinking water, bucket"
09/28/21	 Thyolo	11	17	1	0	-16.1903817	35.073455	GPS	https://api.mwater.co/v3/images/629ce5000c0d481c939d73e20a071853	No	NA	NA	NA	NA	NA	NA	5	Kms	No	Borehole or tubewell	NA	NA	NA	Yes	30	Meters	No	Chlorine/water guard	NA	Yes	NA	NA	Yes	NA	NA	NA	NA	NA	NA	NA	NA	NA	No plan and budget for the CBCC	Learning under the tree no structure in place for the CBCC	No	0	0	No	0	0	No	No	No	Other	They use pitlatrine owned by one of the community members	No	NA	NA	No	0	No	No	No	No	No	NA	Burns it	NA	Yes	Yes	Within the year	No	Other	No meals provided	No kitchen and meals are not provided	Daily	Bloom	No	No	No	No	No	No	No	Yes	No	No soap In stock	Yes	No	No	Yes	No	"After visiting the toilet, Before eating, After eating, After changing baby nappies"	When starting classes	No	Hand washing stations	NA	"In need of buckets for handwashing and basins, kitchen utensils."
09/28/21	 Thyolo	26	25	0	1	-16.1538096	35.1186661	GPS	https://api.mwater.co/v3/images/05189d1ee2d847d58792133a0c1a820c	No	NA	NA	NA	NA	NA	NA	8	metres	No	Unprotected dug well	NA	NA	NA	Yes	300	Meters	Yes	Other	Not treated	No	Not tested	Not known	No	NA	NA	NA	NA	NA	NA	NA	NA	NA	No plan and budget in place	Need water	Yes	1	1	No	0	0	No	No	Yes	Daily 	NA	No	NA	NA	No	0	No	Yes	Yes	No	No	NA	Burries it	NA	Yes	No	More than a year a ago	No	Other	Not applicable	Need support	Daily	"Bloom, Mop, Water"	No	No	No	No	No	No	No	Yes	No	The caregivers	No	No	No	Yes	No	"After visiting the toilet, Before eating, After eating"	When entering the classroom	No	Water availability	NA	Needs water to improve the WASH condition
09/28/21	 Thyolo	12	17	0	0	-16.1886767	35.1220151	GPS	https://api.mwater.co/v3/images/019eaac5ad7d41a0b214199d5ed0d051	No	NA	NA	NA	NA	NA	NA	6	Kms	No	Borehole or tubewell	NA	NA	NA	Yes	200	Meters	No	Other	Not treated	No	Not tested	Not known	Yes	NA	NA	NA	NA	NA	NA	NA	NA	NA	No plan and budget in place	It was established by the caregivers Who needs support 	No	0	0	No	0	0	No	No	Yes	Daily 	NA	No	NA	NA	Yes	1	No	No	Yes	No	No	NA	Burns it	NA	No	Yes	Within the month	No	Other	Not provided	There is no kitchen 	Daily	"Bloom, Water"	No	No	No	No	Yes	No	No	Yes	No	No Donors	Yes	No	No	Yes	No	"After visiting the toilet, Before eating, After eating, After changing baby nappies"	NA	No	Water availability	NA	Need support in WASH and teaching Materials
09/28/21	 Thyolo	28	34	1	0	-16.2150343	35.0811518	GPS	https://api.mwater.co/v3/images/465ad915f8b2424fb2b492497df3e6b7	No	NA	NA	NA	NA	NA	NA	7	Kms	No	Borehole or tubewell	NA	NA	NA	Yes	100	Meters	No	Other	Not treated	No	Not tested	Not known	Yes	NA	NA	NA	NA	NA	NA	NA	NA	NA	No plan and budget in place	They use an alternative borehole within the village about 100 m away	No	0	0	No	0	0	No	No	No	Weekly 	NA	No	NA	NA	No	0	No	No	Yes	Yes	No	NA	Burns it	NA	No	Yes	More than a year a ago	No	Other	No kitchen	Kids bring their meals from home	Daily	Bloom	No	No	No	No	No	No	No	Yes	No	Not supported	No	No	No	Yes	No	"After visiting the toilet, After changing baby nappies, Before eating, After eating"	NA	No	Hand washing stations	NA	Need support in all aspects of standard CBCC
09/28/21	 Thyolo	28	42	1	0	-16.1626866	35.1503133	GPS	https://api.mwater.co/v3/images/d7985a1a8e3f4ab3a72ac2a286d19509	No	NA	NA	NA	NA	NA	NA	8	Kms	No	Protected dug well	NA	NA	NA	Yes	200	Meters	Yes	Other	Not Treated	No	Not tested	Not known	Yes	NA	NA	NA	NA	NA	NA	NA	NA	NA	No plan and budget in place	They use a shallow well for the community members. It has a problem of low water yield.	No	0	0	No	0	0	No	No	Yes	Daily 	NA	No	NA	NA	No	0	No	No	Yes	No	No	NA	Burns it	NA	Yes	Yes	More than a year a ago	Yes	Somewhat clean	NA	Parents contribute flour for porridge and they Cook in the village head's kitchen	Daily	Bloom	No	No	No	No	No	No	No	Yes	No	No Donors	No	No	No	Yes	No	"After visiting the toilet, Before eating, After eating, After changing baby nappies"	NA	No	Water availability	NA	They need to be supported on all the standards required for the establishment of a CBCC
09/28/21	 Thyolo	24	26	0	0	-16.146942	35.1508106	GPS	https://api.mwater.co/v3/images/9e01527dda954bb38292a70a40601dc4	No	NA	NA	NA	NA	NA	NA	7	Kms	No	Unprotected dug well	NA	NA	NA	Yes	70	Meters	Yes	Other	Not treated	No	Not tested	Not known	Yes	NA	NA	NA	NA	NA	NA	NA	NA	NA	No plan and budget in place	No improved water source in their vicinity	No	0	0	No	0	0	No	No	No	Weekly 	NA	No	NA	NA	No	0	No	No	Yes	No	No	NA	Burns it	NA	No	Yes	More than a year a ago	No	Other	No kitchen	"No kitchen for the CBCC , parents contribute flour for porridge. They use a kitchen belonging to one of the committee members"	Daily	Bloom	No	No	No	No	No	No	No	Yes	No	Not supported	Yes	No	No	Yes	No	After visiting the toilet	When entering the classroom	No	Water availability	NA	Need support in WASH and a block for the learners
09/28/21	 Thyolo	17	23	0	0	-16.2070035	35.1354656	GPS	https://api.mwater.co/v3/images/3cdaa1363cf24af697bb4c4d2757ceb7	No	NA	NA	NA	NA	NA	NA	3	Kms	No	Borehole or tubewell	NA	NA	NA	Yes	200	Meters	Yes	Chlorine/water guard	NA	Yes	Not tested	Not known	Yes	NA	NA	NA	NA	NA	NA	NA	NA	NA	No plan and budget in place	"There is no water source for the CBCC , they a borehole for the nearby school"	No	0	0	No	0	0	No	No	No	Other	"No pitlatrine for the CBCC ,they use a pitlatrine for a certain family"	No	NA	NA	Yes	2	Yes	No	No	No	No	NA	Burns it	NA	Yes	No	More than a year a ago	Yes	Somewhat clean	NA	The caregivers donate sugar own their own	Daily	Bloom	No	No	No	Yes	No	Yes	Yes	Yes	No	The caregivers	Yes	No	No	Yes	No	Other	When entering the classroom and during break time	No	Soap	NA	They also need buckets for hand washing
09/28/21	 Thyolo	5	2	0	0	-16.2226852	35.1065481	GPS	https://api.mwater.co/v3/images/f072ec2c6b9a4cddb10ebd3f8bae179c	No	NA	NA	NA	NA	NA	NA	8	Kms	No	Unprotected dug well	NA	NA	NA	Yes	500	Meters	Yes	Other	Not treated	No	Not tested	Not known	No	NA	NA	NA	NA	NA	NA	NA	NA	NA	It's in improved water source which needs no budget	Needs improved water source	No	0	0	No	0	0	No	No	No	Other	Not provided	No	NA	NA	No	0	No	No	No	No	No	NA	Burns it	NA	Yes	Yes	More than a year a ago	No	Other	No kitchen	There is a dwelling house only for the caregiver	Daily	Bloom	No	No	No	No	No	No	No	No	No	Community members	No	No	No	Yes	No	"After visiting the toilet, Before eating, After eating, After changing baby nappies"	NA	No	Water availability	NA	The CBCC needs to be supported on WASH and a block for the kids
09/28/21	 Thyolo	18	45	0	0	-16.2061578	35.109336	GPS	https://api.mwater.co/v3/images/782a91b2ab0241aa842693dac8a0c708	No	NA	NA	NA	NA	NA	NA	5	Kms	No	Borehole or tubewell	NA	NA	NA	Yes	100	Meters	Yes	Other	Not treated	No	Not tested	Not known	Yes	NA	NA	NA	NA	NA	NA	NA	NA	NA	No plan and budget In place	They use a borehole for the community 100m from CBCC	Yes	1	1	No	0	0	No	No	No	Weekly 	NA	No	NA	NA	Yes	2	No	Yes	Yes	No	No	NA	Burries it	NA	Yes	No	More than a year a ago	No	Other	No meals and kitchen	They don't provide meals	Daily	"Bloom, Mop, Water"	No	No	No	Yes	No	No	No	Yes	No	Caregivers voluntarily donate 	No	No	No	Yes	No	"After visiting the toilet, Before eating, After eating"	NA	No	Water availability	NA	"We need water because the nearby borehole is always locked,hence we don't access it when needed"
09/28/21	 Thyolo	20	16	1	0	-16.0779722	35.1410548	GPS	https://api.mwater.co/v3/images/97c0c7e439fc4517bb13fc53335f501a; https://api.mwater.co/v3/images/dc0f2f5c433d45c688cc189e33627c8c	Yes	Piped supply	Yes	Functional	NA	No	9/28/2021	800	metres	Yes	NA	Extremely satisfied.	NA	NA				No	Chlorine/water guard	NA	Yes	Not tested	Not known	Yes	Yes	No	Yes	The committee has a composition of 8 female and 2 male	Yes	"K100,000 or more"	Community contribution	NA	Yes	They don't have a budget	They funds contributed are used for all activities for the CBCC	Yes	1	1	No	0	0	No	No	No	Daily 	NA	No	NA	NA	Yes	1	No	No	Yes	No	No	NA	Burns it	NA	Yes	Yes	More than a year a ago	Yes	Somewhat clean	NA	They are using a kitchen belonging to one of the caregivers	Daily	"Water, Bloom, Mop"	No	No	Yes	No	No	Yes	No	Yes	No	They buy soap using the funds contributed for the maintenance of the reticulated water system	Yes	No	No	Yes	Yes	"After visiting the toilet, After eating, Before eating, After changing baby nappies"	NA	No	Hand washing stations	NA	Soap is also needed
09/28/21	 Thyolo	22	44	1	1	-16.0807183	35.1569133	GPS	https://api.mwater.co/v3/images/edfabc01a5a84142b933545630813e3e	Yes	Piped supply	No	Functional	Pipe blockage	Yes	6/10/2021	1	Kms	Yes	NA	Slightly Satisfied.	NA	NA				Yes	Chlorine/water guard	NA	Yes	Not tested	Not known	Yes	Yes	No	Yes	"There are 10 members, 1male and 9 women"	No	NA	External Support	NA	No	No budget but they use part of the fees paid by the parents	They also depend on well wishers	No	0	0	No	0	0	No	No	No	Weekly 	NA	No	NA	NA	Yes	1	Yes	No	Yes	No	No	NA	Burns it	NA	Yes	Yes	Within the year	Yes	Somewhat clean	NA	They use a kitchen from a certain family just behind the CBCC	Daily	"Bloom, Mop, Water"	No	No	No	No	Yes	Yes	Yes	Yes	No	The caregivers buy soap using the fees paid by the parents	Yes	No	No	Yes	No	"After visiting the toilet, Before eating"	NA	No	Soap	NA	They have hand washing facilities but their problem is availablity of soap
09/28/21	 Thyolo	16	37	0	0	-15.8741574	35.1450136	GPS	https://api.mwater.co/v3/images/528660ea0e224c69ae8b65d94a34a3bd	No	NA	NA	NA	NA	NA	NA	250	metres	No	Borehole or tubewell	NA	NA	NA	Yes	250	Meters	Yes	Other	Direct use from water point	No	Never tested	Not applicable	No	NA	NA	NA	NA	NA	NA	NA	NA	NA	No plan	NA	No	0	0	No	0	0	No	No	Yes	Daily 	NA	No	NA	NA	No	0	No	Yes	Yes	No	No	NA	Burns it	NA	No	Yes	More than a year a ago	No	Other	Not applicable	NA	Daily	"Bloom, Mop"	No	No	No	No	No	No	No	Yes	Yes	Secretary	No	No	No	Yes	No	"After visiting the toilet, Before eating, After eating, After changing baby nappies"	NA	No	Hand washing stations	NA	
09/28/21	 Thyolo	36	50	0	1	-15.8707127	35.190959	GPS	https://api.mwater.co/v3/images/e9762e3d9f7745029580b69efaf3abd2	No	NA	NA	NA	NA	NA	NA	120	metres	No	Borehole or tubewell	NA	NA	NA	Yes	120	Meters	No	Other	Direct use from water point	No	2019	Good to drink	Yes	NA	NA	NA	NA	NA	NA	NA	NA	NA	Yes	NA	No	0	0	No	0	0	No	No	Yes	Daily 	NA	Yes	NA	NA	No	0	Yes	No	No	No	No	NA	Burns it	NA	Yes	Yes	Within the year	No	Other	Not applicable	NA	Daily	"Bloom, Mop, Water"	Yes	NA	No	No	No	No	Yes	Yes	No	Parents	No	No	No	No	No	"After visiting the toilet, Before eating, After eating"	NA	No	Hand washing stations	NA	
09/28/21	 Thyolo	17	29	0	1	-15.940956	34.9802487	GPS	https://api.mwater.co/v3/images/21e4ad7c5a964065baf6dadafb776f15	No	NA	NA	NA	NA	NA	NA	4	Kms	No	Borehole or tubewell	NA	NA	NA	Yes	300	Meters	Yes	Chlorine/water guard	NA	Yes	Not tested	Not applicable	No	NA	NA	NA	NA	NA	NA	NA	NA	NA	Not	NA	No	0	0	No	0	0	No	No	No	Daily 	NA	No	NA	NA	No	0	No	No	No	No	No	NA	Burns it	NA	Yes	Yes	More than a year a ago	No	Other	Not applicable	NA	Daily	Bloom	Yes	Yes	No	No	No	No	No	No	No	Parents	Yes	No	No	Yes	No	"After visiting the toilet, Before eating, After eating, Before breastfeeding, After changing baby nappies"	NA	No	Water availability	NA	
09/28/21	 Thyolo	0	0	0	0	-15.925148	35.0509466	GPS	https://api.mwater.co/v3/images/bdfd83172ea54910aabf84791652ac19	Yes	Borehole or tubewell	Yes	Functional	Pipe broken	Yes	9/1/2021	3	Kms	Yes	NA	Very satisfied	NA	NA				No	Other	Not treated	No	2021	NA	Yes	Yes	No	Yes	NA	Yes	" K50,000 or less"	Community contribution	NA	Yes	Yes	They called meeting but never discussed about WASH	Yes	1	1	Yes	0	0	No	No	Yes	Daily 	NA	Yes	NA	NA	No	0	No	No	No	No	No	NA	Burns it	NA	Yes	Yes	Within the year	No	Other	Not applicable	NA	Daily	"Bloom, Mop, Water"	Yes	Yes	No	No	No	Yes	No	Yes	No	Parents	Yes	No	No	Yes	No	"After visiting the toilet, Before eating, After eating, After changing baby nappies"	NA	No	Hand washing stations	NA	
09/28/21	 Thyolo	17	13	0	0	-15.9303081	35.0072211	GPS	https://api.mwater.co/v3/images/c956f6ec9ab74a548d24adc1f801215c	Yes	Borehole or tubewell	Yes	Functional	Worn-out of spare parts	Yes	11/2/2020	10	metres	Yes	NA	Very satisfied	NA	NA				Yes	Other	Direct use from water point	No	Not tested	Not applicable	No	Yes	Yes	Yes	NA	Yes	" K50,000 or less"	Community contribution	NA	Yes	Yes	NA	Yes	1	1	No	0	0	No	No	Yes	Daily 	NA	No	NA	NA	No	0	No	Yes	No	No	No	NA	Burries it	NA	No	Yes	Within the year	No	Other	Not applicable	NA	Daily	"Bloom, Mop, Water"	Yes	No	No	No	Yes	No	No	Yes	No	Nothing	No	No	No	Yes	Yes	"After visiting the toilet, Before eating, After eating"	NA	Yes	Hand washing stations	NA	
09/28/21	 Thyolo	29	32	0	0	-16.3018671	35.1578986	GPS	https://api.mwater.co/v3/images/b09b2ccf5d1f40a5b2de6326c7a51abb	Yes	Unprotected spring	Yes	Functional	NA	No	NA	150	metres	No	NA	Not Satisfied.	"Distant water points, Poor water quality"	No				Yes	Other	None	No	Never	Positive	No	No	NA	NA	NA	No	NA	Community contribution	NA	No	Not agreed	NA	Yes	1	1	No	0	0	No	No	No	Daily 	NA	No	NA	NA	No	0	No	Yes	Yes	No	No	NA	Burns it	NA	Yes	No	More than a year a ago	No	Other	None	NA	Daily	"Bloom, Water"	No	Yes	No	No	No	No	No	Yes	No	Care givers	No	No	No	Yes	No	"After visiting the toilet, Before eating, After eating"	NA	No	Water availability	NA	
09/28/21	 Thyolo	34	41	6	0	-16.2398319	35.1890989	GPS	https://api.mwater.co/v3/images/b067ee90cfad40c88b1582b8ea10ddb9	Yes	Borehole or tubewell	Yes	Functional	Spare parts were worn out	Yes	8/11/2021	1	Kms	No	NA	Not Satisfied.	"Overcrowding at the water points, Distant water points"	Yes				No	Other	Not treated	No	Never	Negative	Yes	Yes	No	Yes	NA	Yes	" K50,000 or less"	Community contribution	NA	Yes	Yes agreed	NA	No	0	0	No	0	0	No	No	No	Other	Not cleanef	No	NA	NA	No	0	No	No	No	No	No	NA	Burns it	NA	Yes	Yes	More than a year a ago	Yes	Other	"There is no kitchen, they cooked outside the classroom"	NA	Daily	"Bloom, Water, Mop"	No	No	No	No	No	No	No	Yes	Yes	PTA treasurer	No	No	No	Yes	No	"After visiting the toilet, Before eating, After eating"	NA	No	Water availability	NA	
09/28/21	 Thyolo	16	26	0	2	-16.22502	35.2640883	GPS	https://api.mwater.co/v3/images/a0444070d8e8416282c253a4dce69eb5	Yes	Unprotected spring	Yes	Functional	NA	No	NA	150	metres	No	NA	Not Satisfied.	"Distant water points, Poor water quality"	Yes				Yes	Other	Not treated	No	Never	Positive	No	Yes	No	Yes	NA	Yes	" K50,000 or less"	Community contribution	NA	No	Not agreed	NA	No	0	0	No	0	0	No	No	No	Daily 	NA	No	NA	NA	No	0	No	No	Yes	No	No	NA	Burns it	NA	No	No	More than a year a ago	Yes	Other	"Not good, because they cooked outside the Church "	NA	Daily	Bloom	No	No	No	No	No	No	No	Yes	No	Nobody	No	No	Yes	Yes	No	"After visiting the toilet, Before eating, After eating"	NA	No	Other	Inadequate WASH Materials	
09/28/21	 Thyolo	21	36	0	0	-16.2093183	35.2606934	GPS	https://api.mwater.co/v3/images/974bac8372ab4bee97ff4aa6ab94eaaf	Yes	Unprotected dug well	Yes	Functional	NA	No	NA	300	metres	Yes	NA	Not Satisfied.	"Distant water points, Poor water quality"	Yes				Yes	Boiling	NA	No	Never	Positive	No	No	NA	NA	NA	No	NA	Community contribution	NA	No	Not agreed	NA	No	0	0	No	0	0	No	No	No	Other	There are toilets	No	NA	NA	No	0	No	No	Yes	No	No	NA	Burns it	NA	No	No	More than a year a ago	No	Other	NA	NA	Weekly	Bloom	No	No	No	No	No	No	No	Yes	No	NA	No	No	No	Yes	No	"After visiting the toilet, Before eating, After eating"	NA	No	Water availability	NA	
09/28/21	 Thyolo	26	34	0	0	-16.2110835	35.256483	GPS	https://api.mwater.co/v3/images/5c0ef98c0177402486c33551ef604a9c	Yes	Unprotected spring	Yes	Functional	NA	No	NA	200	metres	No	NA	Not Satisfied.	Poor water quality	Yes				Yes	Boiling	NA	No	Never	Positive	No	No	NA	NA	NA	No	NA	Community contribution	NA	No	Not agreed	NA	Yes	1	1	No	0	0	No	No	Yes	Daily 	NA	No	NA	NA	No	0	No	Yes	Yes	No	No	NA	Burns it	NA	No	No	More than a year a ago	No	Other	"There is no kitchen, they cooked outside the Church"	NA	Daily	"Bloom, Water"	No	No	No	No	No	No	No	Yes	Yes	Care givers	No	No	No	Yes	No	"After visiting the toilet, Before eating, After eating"	NA	No	Water availability	NA	
09/28/21	 Thyolo	23	22	1	1	-16.2551417	35.1682433	GPS	https://api.mwater.co/v3/images/3a2c6b9ed3fc40dc80e006a081cd8dba	Yes	Borehole or tubewell	Yes	Functional	Spare parts were worn out	Yes	6/8/2021	500	metres	Yes	NA	Not Satisfied.	Overcrowding at the water points	Yes				No	Other	Not treated	No	Never	Negative	Yes	Yes	No	Yes	NA	Yes	" K50,000 or less"	Community contribution	NA	Yes	Not agreed	NA	Yes	1	1	No	0	0	No	No	Yes	Weekly 	NA	No	NA	NA	No	0	No	Yes	Yes	No	No	NA	Burns it	NA	No	No	More than a year a ago	Yes	Somewhat clean	NA	NA	Daily	"Bloom, Water"	No	No	No	No	No	No	No	Yes	No	Care givers	No	No	No	Yes	No	"After visiting the toilet, Before eating, After eating"	NA	No	Water availability	NA	
09/28/21	 Thyolo	25	36	0	0	-16.2766752	35.1743352	GPS	https://api.mwater.co/v3/images/03ffc09e583548088d732a036d0ec8c9	Yes	Borehole or tubewell	Yes	Functional	NA	No	9/13/2021	200	metres	Yes	NA	Not Satisfied.	Distant water points	No				No	Other	None	No	Never	Negative	Yes	Yes	No	Yes	NA	Yes	" K50,000 or less"	Community contribution	NA	No	Not agreed	NA	Yes	1	1	No	0	0	No	No	Yes	Weekly 	NA	No	NA	NA	No	0	No	Yes	Yes	No	No	NA	Burns it	NA	Yes	Yes	More than a year a ago	Yes	Other	There is no kitchen so they cooked outside the Church	NA	Daily	"Bloom, Water"	No	No	No	No	No	No	No	Yes	Yes	PTA	No	No	No	Yes	No	"After visiting the toilet, Before eating, After eating"	NA	No	Water availability	NA	
09/28/21	 Thyolo	14	26	0	0	-16.2178415	35.3023616	GPS	https://api.mwater.co/v3/images/5983d0dd61c04bafb71b1111f48df621	Yes	Borehole or tubewell	Yes	Functional	NA	No	NA	200	metres	Yes	NA	Not Satisfied.	Overcrowding at the water points	Yes				No	Other	Not treated	No	Never	Negative	Yes	No	NA	NA	NA	No	NA	Community contribution	NA	No	Not agreed	NA	Yes	1	1	Yes	1	1	No	No	No	Daily 	NA	No	NA	NA	No	0	No	Yes	Yes	No	No	NA	Burns it	NA	Yes	No	More than a year a ago	No	Other	There is no kitchen	NA	Daily	"Bloom, Water, Mop"	No	No	No	No	Yes	No	No	Yes	No	Care givers	No	No	No	Yes	No	"After visiting the toilet, Before eating, After eating"	NA	No	Other	Inadequate WASH materials	
09/28/21	 Thyolo	15	17	0	0	-16.2924541	35.1803738	GPS	https://api.mwater.co/v3/images/11d98dd476594d698337aa7815f81a9a	Yes	Borehole or tubewell	Yes	Functional	NA	No	NA	150	metres	Yes	NA	Not Satisfied.	Distant water points	Yes				No	Other	None	No	Never	Negative	Yes	Yes	No	Yes	NA	Yes	" K50,000 or less"	Community contribution	NA	Yes	Not agreed	NA	No	0	0	Yes	1	1	No	No	Yes	Daily 	NA	No	NA	NA	No	0	No	Yes	Yes	No	No	NA	Burns it	NA	Yes	No	More than a year a ago	Yes	Other	There is no kitchen 	NA	Daily	"Bloom, Mop, Water"	No	No	No	No	No	No	No	Yes	No	PTA	No	No	No	Yes	No	"After visiting the toilet, Before eating, After eating"	NA	No	Water availability	NA	
09/28/21	 Thyolo	17	19	0	0	-16.2894004	35.1915133	GPS	https://api.mwater.co/v3/images/0a75ed36b54d42f5a6d96952045e3a07	Yes	Borehole or tubewell	Yes	Functional	NA	Yes	NA	150	metres	Yes	NA	Not Satisfied.	Overcrowding at the water points	No				No	Other	None	No	Never	Negative	Yes	Yes	No	Yes	NA	Yes	" K50,000 or less"	Community contribution	NA	Yes	Not agreed	NA	Yes	1	1	Yes	1	1	No	No	Yes	Daily 	NA	No	NA	NA	No	0	No	Yes	Yes	No	No	NA	Burns it	NA	Yes	No	More than a year a ago	No	Other	None	NA	Daily	"Bloom, Mop, Water"	No	Yes	No	No	Yes	No	No	Yes	Yes	Care givers	No	No	No	Yes	No	"After visiting the toilet, Before eating, After eating"	Before entering into the Shelter	No	Hand washing stations	NA	
09/28/21	 Thyolo	26	32	0	0	-16.228555	35.2531267	GPS	https://api.mwater.co/v3/images/08972a8d1b384652adc88ca3e20d862a	Yes	Borehole or tubewell	No	Not functional 	NA	NA	9/5/2021	200	metres	No	NA	Not Satisfied.	Delayed repairs or maintenances	Yes				No	Other	Not treated	No	Never	Negative	Yes	Yes	No	Yes	NA	Yes	" K50,000 or less"	Community contribution	NA	Yes	Not  agreed	NA	No	0	0	No	0	0	No	No	No	Other	No pit latrine	No	NA	NA	No	0	No	No	Yes	No	No	NA	Burns it	NA	Yes	No	More than a year a ago	Yes	Other	Not good because they cooked outside the Church	NA	Daily	"Bloom, Water, Mop"	No	No	No	No	No	No	No	Yes	No	Nobody	No	No	No	No	No	"After visiting the toilet, Before eating, After eating"	NA	No	Other	Inadequate WASH materials	
09/28/21	 Thyolo	26	31	0	0	-16.2168469	35.2391246	GPS	https://api.mwater.co/v3/images/5c6f9e8ad8dc4ae38508cf980fdcc8bc	Yes	Borehole or tubewell	Yes	Functional	Spare parts were worn out	Yes	11/29/2020	200	metres	Yes	NA	Not Satisfied.	Overcrowding at the water points	Yes				No	Other	Not treated	No	Never	Negative	Yes	Yes	No	Yes	NA	Yes	" K50,000 or less"	Community contribution	NA	Yes	Not agreed	NA	No	0	0	No	0	0	No	No	NA	Other	No pit latrine	No	NA	NA	No	0	No	No	Yes	No	No	NA	Burns it	NA	Yes	No	Within the year	Yes	Other	Not good because they cooked outside the Church	NA	Daily	"Bloom, Water"	No	No	No	No	No	No	No	Yes	Yes	PTA treasurer	Yes	No	No	Yes	No	"After visiting the toilet, Before eating, After eating"	NA	No	Water availability	NA	
09/28/21	 Thyolo	18	22	0	1	-16.22371	35.2732387	GPS	https://api.mwater.co/v3/images/3eec071fa78340dca67a50c41cfa3e6d	Yes	Unprotected dug well	Yes	Functional	NA	No	NA	100	metres	No	NA	Not Satisfied.	"Poor water quality, Inadequate water supply / low pressure"	Yes				Yes	Other	Not treated	No	Never	Positive	No	Yes	No	Yes	NA	No	NA	Community contribution	NA	No	Not agreed	NA	No	0	0	No	0	0	No	No	No	Daily 	NA	No	NA	NA	No	0	No	No	Yes	No	No	NA	Burns it	NA	Yes	No	More than a year a ago	Yes	Other	Not good because they cooked outside the classroom	NA	Daily	"Bloom, Mop, Water"	No	No	No	No	No	No	No	Yes	Yes	Care givers	Yes	No	Yes	Yes	No	"After visiting the toilet, Before eating, After eating"	NA	No	Water availability	NA	
09/28/21	 Thyolo	25	33	1	0	-16.19568	35.2635737	GPS	https://api.mwater.co/v3/images/3aa1e5e1b39c46f0b25dce639663eaca	Yes	Borehole or tubewell	Yes	Functional	NA	No	9/6/2021	100	metres	Yes	NA	Satisfied	NA	NA				Yes	Other	Not treated	No	Never	Negative	Yes	Yes	No	Yes	NA	Yes	" K50,000 or less"	Community contribution	NA	Yes	Not agreed	NA	No	0	0	No	0	0	No	No	No	Other	No pit latrines are available	No	NA	NA	No	0	No	No	No	No	No	NA	Burns it	NA	No	No	Within the year	Yes	Other	Not good because they cooked outside the Church	NA	Daily	"Bloom, Water"	No	No	No	No	No	No	No	Yes	Yes	PTA treasure	Yes	No	No	Yes	No	"After visiting the toilet, Before eating, After eating"	NA	No	Other	Inadequate WASH materials	
09/28/21	 Thyolo	28	20	0	0	-16.2510867	35.1736083	GPS	https://api.mwater.co/v3/images/e1d300028453463fbf2b96904863fa74	Yes	Protected spring 	Yes	Functional	NA	No	NA	400	metres	Yes	NA	Not Satisfied.	Poor water quality	Yes				Yes	Other	Not treated	No	Never	Positive	No	Yes	No	Yes	NA	Yes	" K50,000 or less"	Community contribution	NA	Yes	Not agreed	NA	No	0	0	No	0	0	No	No	Yes	Weekly 	NA	No	NA	NA	No	0	No	No	No	No	No	NA	Burns it	NA	Yes	Yes	More than a year a ago	Yes	Somewhat clean	NA	NA	Weekly	"Bloom, Water"	No	No	No	No	No	No	No	Yes	No	Nobody	No	No	No	Yes	No	"After visiting the toilet, Before eating, After eating"	NA	No	Water availability	NA	
09/28/21	 Thyolo	25	35	2	0	-16.1827782	35.0524563	GPS	https://api.mwater.co/v3/images/d4a9bf3540f346f9af56b7965271d213; https://api.mwater.co/v3/images/73934aeb2be44bc9895be5810bcb5a8e	Yes	Unprotected dug well	Yes	Functional	NA	No	NA	1000	metres	Yes	NA	Not Satisfied.	"Inadequate water supply / low pressure, Overcrowding at the water points"	Yes				Yes	Other	No treatment	No	Never taken	NA	No	No	NA	NA	NA	No	NA	Other	None because its just a community unptotected well communities just mobilize thrmselves if need for taking care of the place within the well	No	"None, parent just contribe for soap "	The CBCC use unprotected well and no treatment is done	No	0	0	No	0	0	No	No	No	Daily 	NA	No	NA	NA	No	0	No	No	Yes	No	No	NA	Burns it	NA	No	No	More than a year a ago	Yes	Other	No kitchen but use borrowed kitchen from the house nearby	The toilets are not child friendly and not improved. However the toilets belongs to the church they use as shelter or class	Daily	Bloom	No	No	No	Yes	No	No	No	No	NA	Parents	No	No	No	Yes	No	"After visiting the toilet, After eating, Before eating"	NA	No	Other	"Protected water supply, buckets, handwash facility and good pit latrines"	Water supply of good quality is a challenge and toilets that are child friendly and adequate 
09/28/21	 Thyolo	23	37	0	0	-16.2896933	35.1841633	GPS	https://api.mwater.co/v3/images/6a3e7433053c4aaf824b9fc4d817ae6b	Yes	Borehole or tubewell	Yes	Functional	NA	No	NA	20	metres	Yes	NA	Satisfied	NA	NA				Yes	Other	None	No	Never	Negative	Yes	Yes	No	Yes	NA	Yes	" K50,000 or less"	Community contribution	NA	Yes	Not agreed	NA	Yes	1	1	No	0	0	No	No	Yes	Daily 	NA	No	NA	NA	No	0	No	Yes	Yes	No	No	NA	Burns it	NA	Yes	No	More than a year a ago	No	Other	None	NA	Daily	"Bloom, Mop, Water"	No	Yes	No	No	Yes	No	No	Yes	Yes	PTA	No	No	No	Yes	No	"After visiting the toilet, Before eating, After eating"	NA	No	Hand washing stations	NA	
09/28/21	 Thyolo	15	15	0	0	-16.2039385	35.0879743	GPS	https://api.mwater.co/v3/images/40de3fd0aa5845bb891112dbc7fb4f54; https://api.mwater.co/v3/images/4169f3486afb4d7598be556c420ff268; https://api.mwater.co/v3/images/a12a89717db543b9b6cc313f2f30a5e1	Yes	Borehole or tubewell	Yes	Functional	Torn out of rubber	Yes	4/6/2021	150	metres	Yes	NA	Satisfied	NA	NA				Yes	Other	No any treatment	No	2018	Negative for Micro bacteria	No	No	NA	NA	NA	No	NA	Community contribution	NA	Yes	No plan	The water supply is not purposely sunk for CBCC but community around. The water quality test has never been tested apart from when it was just drilled	No	0	0	No	0	0	No	No	No	Daily 	NA	No	NA	NA	No	0	No	Yes	Yes	No	No	NA	Other	Throw in the garden near CBCC 	No	Yes	Within the year	No	NA	NA	No feeding program	Daily	Bloom	No	No	No	No	No	No	No	Yes	No	Parents contribute or borrow e.g. tools	Yes	No	Yes	Yes	No	"After visiting the toilet, Before eating"	NA	No	Hand washing stations	NA	
09/29/21	 Thyolo	17	25	0	0	-15.9647884	35.0749054	GPS	https://api.mwater.co/v3/images/5d3eb9735c3342739137ab903694d77d	No	NA	NA	NA	NA	NA	NA	10	metres	No	Borehole or tubewell	NA	NA	NA	Yes	10	Meters	No	Chlorine/water guard	NA	Yes	Not tested	NA	No	NA	NA	NA	NA	NA	NA	NA	NA	NA	No	NA	Yes	0	0	No	0	0	No	No	No	Daily 	NA	No	NA	NA	No	0	No	No	No	No	No	NA	Burns it	NA	Yes	No	More than a year a ago	No	Other	Not applicable	NA	Daily	"Bloom, Mop, Water"	No	Yes	No	No	No	No	No	No	No	Owners	No	No	No	No	No	"After visiting the toilet, Before eating, After eating, After changing baby nappies, Before breastfeeding"	NA	No	Waste sites 	NA	
09/29/21	 Thyolo	19	22	0	0	-15.9454756	35.0425354	GPS	https://api.mwater.co/v3/images/9121253ec7ae4c27824399f942fc8730	No	NA	NA	NA	NA	NA	NA	2	Kms	No	Unprotected spring	NA	NA	NA	Yes	300	Meters	Yes	Chlorine/water guard	NA	Yes	Not tested	NA	No	NA	NA	NA	NA	NA	NA	NA	NA	NA	No	NA	No	0	0	No	0	0	No	No	No	Daily 	NA	No	NA	NA	No	0	No	No	No	No	No	NA	Burns it	NA	No	No	More than a year a ago	No	Other	No	NA	Daily	"Bloom, Mop"	Yes	Yes	No	NA	No	No	No	No	No	No one	No	No	No	No	No	"After visiting the toilet, Before eating, After eating, After changing baby nappies"	NA	No	Water availability	NA	
09/29/21	 Thyolo	23	32	1	2	-15.9774113	35.051311	GPS	https://api.mwater.co/v3/images/cf2be1934ef84cff8f79ee58ba794df7	Yes	Borehole or tubewell	Yes	Partially functional 	Dry up some times	Yes	2/11/2020	2	Kms	No	NA	Not Satisfied.	"System is frequently breaking down, Poor water quality"	No				No	Other	Direct use	No	Not tested	Not applicable	No	No	NA	NA	NA	No	NA	Other	Owner	Yes	Yes	NA	Yes	1	13	No	0	0	Yes	No	Yes	Daily 	NA	Yes	NA	NA	No	0	Yes	Yes	Yes	No	No	NA	Burns it	NA	No	Yes	Within the month	No	Other	Not applicable	NA	Daily	"Bloom, Mop, Water"	Yes	Yes	No	No	No	Yes	Yes	Yes	No	Parents	No	No	No	Yes	No	"After visiting the toilet, Before eating, After eating, After changing baby nappies"	NA	No	Hand washing stations	NA	
09/29/21	 Thyolo	27	32	0	0	-15.9682519	35.0410355	GPS	https://api.mwater.co/v3/images/ed9a2a52f07140d98b3f3fa11dcbbd5a	No	NA	NA	NA	NA	NA	NA	250	metres	No	Unprotected dug well	NA	NA	NA	No	300	Meters	Yes	Chlorine/water guard	NA	Yes	Not tested	Not applicable	No	NA	NA	NA	NA	NA	NA	NA	NA	NA	Yes	They discussed the problem of water .	Yes	1	1	No	0	0	No	No	No	Daily 	NA	No	NA	NA	Yes	1	No	No	No	No	No	NA	Burns it	NA	Yes	Yes	Within the month	No	Other	Not applicable	NA	Daily	Bloom	Yes	Yes	No	No	No	No	Yes	Yes	No	Parents	No	No	No	Yes	No	"After visiting the toilet, Before eating, After eating, After changing baby nappies"	NA	No	Waste sites 	NA	
09/29/21	 Thyolo	21	24	0	0	-16.0290994	34.9876914	GPS	https://api.mwater.co/v3/images/67509c5d77c64c8ead6edda13fdf423b	No	NA	NA	NA	NA	NA	NA	2	metres	No	Unprotected dug well	NA	NA	NA	No	5	Meters	No	Other	Does not treat	No	Not tested	NA	No	NA	NA	NA	NA	NA	NA	NA	NA	NA	There are plans	NA	Yes	1	1	No	0	0	Yes	Yes	Yes	Daily 	NA	Yes	NA	NA	Yes	2	Yes	Yes	Yes	No	Yes	Yes	NA	NA	Yes	Yes	Within the month	No	Other	Does not provide meals	NA	Daily	"Bloom, Mop, Water, Soap"	Yes	No	No	No	No	Yes	Yes	No	No	Parents committee	Yes	Yes	No	Yes	No	"After visiting the toilet, Before eating, After eating, After changing baby nappies"	NA	No	Water availability	NA	
09/29/21	 Chikwawa	25	27	0	1	-16.0130123	34.8629339	GPS	https://api.mwater.co/v3/images/db384d01c7364f439742c917e95897fa; https://api.mwater.co/v3/images/593e0d28e36446e0bf6e63442ba4584b	No	NA	NA	NA	NA	NA	NA	1	metres	No	Protected dug well	NA	NA	NA	No	1	KM	Yes	Chlorine/water guard	NA	Yes	Not tested before	Quality	No	NA	NA	NA	NA	NA	NA	NA	NA	NA	Yes there are plans	NA	Yes	1	1	Yes	1	1	Yes	Yes	Yes	Daily 	NA	Yes	NA	NA	No	0	Yes	Yes	Yes	No	Yes	Yes	NA	NA	Yes	Yes	Within the month	No	Other	Does not proved meals	They don't have latrines specifically for boys and girls since they are operating from the church building	Daily	"Bloom, Mop, Water, Soap"	Yes	No	No	Yes	No	No	Yes	No	No	Committee	Yes	Yes	No	Yes	No	"After visiting the toilet, Before eating, After eating, After changing baby nappies"	NA	No	Water availability	NA	
09/29/21	 Thyolo	34	40	1	0	-16.0334546	34.9897577	GPS	https://api.mwater.co/v3/images/8dfff35cea52475d95b2191e89238bc5; https://api.mwater.co/v3/images/841b56c4c56c4a92a0579b205321dea9; https://api.mwater.co/v3/images/d275ddf2bbf94996ae73a95df647fa0a	Yes	Borehole or tubewell	Yes	Functional	NA	No	9/8/2021	5	metres	Yes	NA	Satisfied	NA	NA				No	Chlorine/water guard	NA	No	2021	Quality water	Yes	Yes	No	Yes	Not trained	No	NA	Community contribution	NA	No	NA	NA	Yes	1	1	No	0	0	No	No	Yes	Daily 	NA	Yes	NA	NA	Yes	1	Yes	No	No	No	No	NA	Burns it	NA	Yes	Yes	Within the month	No	Unclean	NA	They don't provide meals	Daily	"Bloom, Mop, Water, Soap"	Yes	No	No	No	No	No	No	Yes	No	Committee	Yes	Yes	Yes	Yes	No	"After visiting the toilet, Before eating, After eating, After changing baby nappies, Before breastfeeding"	NA	No	Water availability	NA	Do not have materials
09/30/21	 Thyolo	34	20	0	0	-15.9703432	35.1207737	GPS	https://api.mwater.co/v3/images/556fcfb4c7f7489e98e0fa4b91013b2d; https://api.mwater.co/v3/images/a067da67768041d4a1783292bcf5933e; https://api.mwater.co/v3/images/7ea60b6387b94000b415188d1847c31c; https://api.mwater.co/v3/images/862de836743447a8b464ed93ccdf938a; https://api.mwater.co/v3/images/f2ff32b8db994bb5b74cdb864b391b07	No	NA	NA	NA	NA	NA	NA	100	metres	No	Borehole or tubewell	NA	NA	NA	Yes	100	Meters	Yes	Chlorine/water guard	NA	Yes	Never	No bacteria found	Yes	NA	NA	NA	NA	NA	NA	NA	NA	NA	Yes	They use an alternative source of water at a community borehole	Yes	1	1	No	0	0	No	No	No	Daily 	NA	No	NA	NA	Yes	1	Yes	Yes	No	No	No	NA	Burns it	NA	Yes	Yes	More than a year a ago	Yes	Other	NA	No kitchen they cook outside	Daily	"Bloom, Mop, Water"	Yes	Yes	No	Yes	Yes	Yes	Yes	Yes	Yes	Pastor for Rich Malawi Evangelical Church	Yes	No	No	Yes	No	"After visiting the toilet, Before eating, After eating, After changing baby nappies, Before breastfeeding"	NA	No	Other	"Water source, toilets, waste site"	"Health workers provide health talks on WASH but no poster were given at cdss, only one toilet which is not in good condition.
The cbcc premise is rented so they have to build another CBCC near by with the help Church
"
09/30/21	 Thyolo	35	40	1	1	-15.9384887	35.1756776	GPS	https://api.mwater.co/v3/images/22e8b5361c9444388dbe496e824fe1cb; https://api.mwater.co/v3/images/d7b48a1acff04df9a474ef99448f2f97; https://api.mwater.co/v3/images/f67aa88324b84b35ac2d625f95266921; https://api.mwater.co/v3/images/17eff1c747a949118697317f0ab9701f; https://api.mwater.co/v3/images/20eac66e8453415dbae656abdfb067c8	No	NA	NA	NA	NA	NA	NA	5	Kms	No	Borehole or tubewell	NA	NA	NA	Yes	150	Meters	No	Other	Treated only when chlorine is available	Yes	NA	No bacteria found	Yes	NA	NA	NA	NA	NA	NA	NA	NA	NA	No plan and budget	No written plan or budget. They simply make contributions when they is need for purchasing any supplies	No	0	0	No	0	0	No	No	No	Other	No toilet at the cbcc they use latrines belonging to close community members	No	NA	NA	Yes	1	Yes	No	No	No	Yes	Yes	NA	NA	Yes	Yes	More than a year a ago	No	Other	No meals is provided at cbcc	"There is no toilet at the cbcc, learners and caregivers uses pit latrines belonging to nearby community members.
"	Daily	"Bloom, Mop, Water"	No	Yes	Yes	Yes	No	Yes	No	Yes	No	Parents	No	No	No	Yes	No	"After visiting the toilet, Before eating, After eating, After changing baby nappies, Before breastfeeding"	NA	No	Other	"Urgent needs toilet, soap, water availability "	"Madalitso cbcc needs urgent action as far as WASH is concerned. No toilet, water supply and at cbcc.
Condition of the building is in poor state needs renovation"
09/30/21	 Thyolo	28	32	0	0	-16.2606747	35.1336567	GPS	https://api.mwater.co/v3/images/d53a78db2b5340209e9767349ffaead9; https://api.mwater.co/v3/images/9e15fe837b484b5abe9c3000798d7262	No	NA	NA	NA	NA	NA	NA	0	metres	No	Borehole or tubewell	NA	NA	NA	Yes	700	Meters	No	Chlorine/water guard	NA	No	Never	NA	No	NA	NA	NA	NA	NA	NA	NA	NA	NA	No	NA	Yes	1	1	No	0	0	No	No	No	Daily 	NA	No	NA	NA	No	0	Yes	No	Yes	No	No	NA	Burries it	NA	Yes	No	Within the year	No	Other	No kitchen	NA	Daily	"Bloom, Mop, Water"	No	No	No	No	No	No	Yes	Yes	Yes	Parents	Yes	No	No	Yes	No	"After visiting the toilet, Before eating, After eating"	NA	No	Water availability	NA	
09/30/21	 Thyolo	19	23	0	1	-16.2636973	35.1284008	GPS	https://api.mwater.co/v3/images/fbbf83ca2e214742989269f22afe7f48	No	NA	NA	NA	NA	NA	NA	0	metres	No	Unprotected dug well	NA	NA	NA	No	700	Meters	No	Chlorine/water guard	NA	Yes	2021	Postive	No	NA	NA	NA	NA	NA	NA	NA	NA	NA	Yes	NA	No	0	0	No	0	0	No	No	No	Other	No toilet	No	NA	NA	No	0	No	No	No	Yes	No	NA	Burries it	NA	Yes	Yes	Within the year	No	Other	N/A	NA	Daily	"Bloom, Water"	No	No	No	Yes	No	No	No	Yes	No	Parents	No	Yes	No	Yes	No	"After visiting the toilet, Before eating, After eating"	NA	No	Water availability	NA	
09/30/21	 Thyolo	34	30	0	0	-16.2593263	35.1355899	GPS	https://api.mwater.co/v3/images/d49ead669dba4e218a8c5abc0f6fab2e	No	NA	NA	NA	NA	NA	NA	0	metres	No	Borehole or tubewell	NA	NA	NA	No	400	Meters	No	Other	No treatment	No	2021	Negative	Yes	NA	NA	NA	NA	NA	NA	NA	NA	NA	No	NA	Yes	1	1	No	0	0	No	No	Yes	Daily 	NA	No	NA	NA	No	0	Yes	Yes	Yes	No	No	NA	Burries it	NA	No	Yes	Within the year	No	Other	No	NA	Daily	"Bloom, Mop, Water"	Yes	Yes	No	Yes	No	No	No	No	Yes	Kparents	Yes	Yes	No	Yes	No	"After visiting the toilet, Before eating, After eating"	NA	No	Water availability	NA	
09/30/21	 Thyolo	16	14	0	0	-16.2537541	35.149358	GPS	https://api.mwater.co/v3/images/1e785428cfb749429fa8af14b9b7b6dc	No	NA	NA	NA	NA	NA	NA	250	metres	No	Borehole or tubewell	NA	NA	NA	Yes	250	Meters	No	Other	No treatment	No	2021	Negative	Yes	NA	NA	NA	NA	NA	NA	NA	NA	NA	No plan set	-	Yes	1	2	No	0	0	No	No	Yes	Daily 	NA	No	NA	NA	No	0	No	Yes	Yes	No	No	NA	Burns it	NA	No	No	Within the year	No	Other	No	The miss bring their own food	Daily	"Bloom, Mop, Water"	No	Yes	No	Yes	No	Yes	No	No	Yes	The CBCC	Yes	Yes	No	Yes	No	"After visiting the toilet, Before breastfeeding, After changing baby nappies"	NA	No	Water availability	NA	
09/30/21	 Thyolo	17	22	0	1	-16.216297	35.1312448	GPS	https://api.mwater.co/v3/images/f39ef80ce8fc46a284e7f9cb19dd4acb	No	NA	NA	NA	NA	NA	NA	0	metres	No	Borehole or tubewell	NA	NA	NA	Yes	200	Meters	No	Chlorine/water guard	NA	Yes	2021	Negative	Yes	NA	NA	NA	NA	NA	NA	NA	NA	NA	Plan is to have their own borehole	NA	Yes	1	1	No	0	0	No	No	Yes	Daily 	NA	No	NA	NA	No	0	Yes	Yes	Yes	No	No	NA	Burries it	NA	No	Yes	Within the year	No	Other	N/A	NA	Daily	"Bloom, Water, Mop"	No	No	No	No	No	No	No	No	Yes	Parents	Yes	Yes	No	No	No	"After visiting the toilet, Before eating, After eating"	NA	No	Water availability	NA	
09/30/21	 Thyolo	32	37	0	1	-16.250642	35.1736105	GPS	https://api.mwater.co/v3/images/e066bc0faba74447bb88e79a399c1fcf	No	NA	NA	NA	NA	NA	NA	700	metres	No	Borehole or tubewell	NA	NA	NA	No	750	Meters	No	Other	N/A	Yes	2021	Postive	No	NA	NA	NA	NA	NA	NA	NA	NA	NA	To dril borehole near the cbcc	NA	No	0	0	No	0	0	No	No	No	Other	N/A	Yes	NA	NA	No	0	No	No	No	No	No	NA	Burns it	NA	Yes	Yes	Within the year	No	Other	N/A	NA	Daily	"Bloom, Mop, Water"	Yes	Yes	No	No	No	No	No	No	Yes	Parents	Yes	Yes	No	Yes	No	"After visiting the toilet, After eating, After changing baby nappies, Before eating"	NA	No	Water availability	NA	
09/30/21	 Thyolo	22	30	0	0	-15.9956333	35.2828569	GPS	https://api.mwater.co/v3/images/d8ec7737a01d441bad83c64fb5028fca	No	NA	NA	NA	NA	NA	NA	200	metres	No	Borehole or tubewell	NA	NA	NA	Yes	200	Meters	Yes	Other	not treated 	No	not done	test not done	No	NA	NA	NA	NA	NA	NA	NA	NA	NA	yes	NA	No	0	0	No	0	0	No	No	No	Other	no toilets for CBCC	No	NA	NA	No	0	No	No	No	Yes	No	NA	Burns it	NA	Yes	Yes	More than a year a ago	No	Other	meals not provided	NA	Other	"Bloom, Mop, Water"	No	Yes	No	No	No	No	No	No	No	Feed the children organisation	Yes	No	No	Yes	No	"After visiting the toilet, Before eating"	NA	No	Other	"buckets, soap, sanitiser"	
09/30/21	 Thyolo	20	23	0	0	-16.0295343	35.261068	GPS	https://api.mwater.co/v3/images/4aed29d327eb478dad08de2ded397a73; https://api.mwater.co/v3/images/0d8b217c86974ee3818afeac672ee015	No	NA	NA	NA	NA	NA	NA	5	metres	No	Borehole or tubewell	NA	NA	NA	Yes	5	Meters	Yes	Other	Not treated 	No	not tested	Test not performed 	No	NA	NA	NA	NA	NA	NA	NA	NA	NA	yes	NA	No	0	0	No	0	0	No	No	No	Other	toilets not available	No	NA	NA	No	0	No	No	No	No	No	NA	Burns it	NA	Yes	Yes	More than a year a ago	Yes	Clean 	NA	NA	Other	"Bloom, Mop, Water"	No	No	No	No	No	No	No	No	No	The CBCC and well wishers	Yes	No	No	Yes	No	"After visiting the toilet, Before eating"	NA	No	Other	"buckets, posters, soap"	
10/01/21	 Thyolo	18	22	0	0	-15.9883202	35.1742594	GPS	https://api.mwater.co/v3/images/2cc493278bde4b279e9e7746938257bd; https://api.mwater.co/v3/images/1868cc5231e848a1892a123a83f91864; https://api.mwater.co/v3/images/c9b4adf110884233ae93e035b32f1b2e; https://api.mwater.co/v3/images/633bf6c724c34f2bb28a0c72f303e2b3; https://api.mwater.co/v3/images/ff0f598fe37c4913a4d31abf7f666095	No	NA	NA	NA	NA	NA	NA	120	metres	No	Borehole or tubewell	NA	NA	NA	Yes	400	Meters	Yes	Other	Not treated	Yes	Never	0/ml	Yes	NA	NA	NA	NA	NA	NA	NA	NA	NA	No plan or budget on WASH	Walk long distance to access water source	No	0	0	No	0	0	No	No	Yes	Daily 	NA	No	NA	NA	No	0	No	Yes	No	No	No	NA	Burries it	NA	Yes	Yes	More than a year a ago	Yes	Unclean	NA	"Pit latrine not improved
Kitchen don't have enough cooking equipment"	Daily	"Mop, Water"	No	Yes	No	Yes	No	No	No	Yes	No	Caregivers	No	No	No	Yes	No	"After visiting the toilet, Before eating, After eating, After changing baby nappies, Before breastfeeding"	NA	Yes	Other	"Buckets, cooking utensils, chairs,hand washing station with soap"	"They use radio to listen to child programmes as learning,
Cbcc were given a land to relocate they lack financial support to custruct a new cbcc premise Wich is be WASH friendly"
10/01/21	 Thyolo	26	20	0	0	-15.9787844	35.1946872	GPS	https://api.mwater.co/v3/images/866444a80183474f80149547b12f24ac; https://api.mwater.co/v3/images/4e096bc6412249f781a8e89f4fa544fd; https://api.mwater.co/v3/images/7e1a7991576546daaf00ea9954d7079b; https://api.mwater.co/v3/images/30c8f804be1748369d0d4d7a6cbf3101; https://api.mwater.co/v3/images/3f3ffa37e719411590e1272f34239540	Yes	Borehole or tubewell	Yes	Functional	NA	No	NA	40	metres	Yes	NA	Very satisfied	NA	NA				Yes	Other	Treated when chlorine when available	Yes	2021	0/ml	Yes	Yes	No	Yes	NA	Yes	" K50,000 or less"	Water point fee	NA	Yes	No	"No budget
plan in development to construct a kitchen 
"	Yes	1	1	No	0	0	No	No	No	Monthly	NA	No	NA	NA	Yes	1	No	Yes	No	No	No	NA	Burns it	NA	Yes	Yes	More than a year a ago	Yes	Other	No kitchen they cook outside	They have one toilets both girls and boys use the same	Daily	"Bloom, Mop, Water"	No	Yes	No	Yes	Yes	Yes	No	Yes	No	Caregivers through Parents contribution	No	No	No	No	No	"After visiting the toilet, Before eating, After eating, After changing baby nappies, Before breastfeeding"	NA	Yes	Other	"Sopa, waste sites and toilets"	
10/05/21	 Thyolo	12	30	0	0	-15.9559241	35.0504845	GPS	https://api.mwater.co/v3/images/bc091e776de84f079f5bb79a8b059f03	No	NA	NA	NA	NA	NA	NA	100	metres	No	Borehole or tubewell	NA	NA	NA	Yes	100	Meters	Yes	Other	Direct use from water point	No	Not tested	Not applicable	No	NA	NA	NA	NA	NA	NA	NA	NA	NA	Yes	NA	Yes	1	1	Yes	0	1	No	No	Yes	Daily 	NA	No	NA	NA	No	0	No	No	No	No	No	NA	Burns it	NA	Yes	Yes	Within the month	No	Other	Not applicable	NA	Daily	Bloom	Yes	Yes	No	No	No	No	No	Yes	No	Parents	Yes	No	No	Yes	No	"After visiting the toilet, Before eating, After eating"	NA	No	Hand washing stations	NA	
10/06/21	 Thyolo	40	42	0	1	-16.1511856	35.128005	GPS	https://api.mwater.co/v3/images/3e06a754ca5a4ad68765a49f2b3f627a	No	NA	NA	NA	NA	NA	NA	9	Kms	No	Unprotected dug well	NA	NA	NA	Yes	300	Meters	Yes	Chlorine/water guard	NA	Yes	Not tested	Not known	Yes	NA	NA	NA	NA	NA	NA	NA	NA	NA	No plan and budget in place	Needs a borehole	No	0	0	No	0	0	No	No	No	Daily 	NA	No	NA	NA	No	0	No	No	No	No	No	NA	Burns it	NA	Yes	Yes	More than a year a ago	No	Other	No kitchen	They used to provide meals In the past but it has been stopped. Parents contributed	Daily	Bloom	No	No	No	No	No	No	No	Yes	No	No Donors to support them with soap	No	No	No	Yes	No	"After visiting the toilet, Before eating"	NA	No	Water availability	NA	The CBCC needs support in WASH
10/08/21	 Thyolo	31	47	2	4	-16.0339167	35.2826733	GPS	https://api.mwater.co/v3/images/01f95eb2de3641b29f1708a4d6e12a52; https://api.mwater.co/v3/images/c6c38badcab541168782c4356e275dd8	Yes	Borehole or tubewell	Yes	Functional	Metal fall into the water	Yes	8/28/2021	50	metres	Yes	NA	Satisfied	NA	NA				Yes	Other	No treatment	No	Never tested	N/A	Yes	Yes	No	Yes	The committee caters for both the community and cbcc	Yes	" K50,000 or less"	Community contribution	NA	Yes	Regulations are in place to ensure general cleaniness of the point	NA	Yes	1	1	No	0	0	No	No	No	Weekly 	NA	No	NA	NA	No	0	Yes	Yes	Yes	No	Yes	Yes	NA	NA	Yes	No	Within the year	Yes	Other	No kitchen	NA	Weekly	"Bloom, Mop, Water"	No	No	No	Yes	No	Yes	Yes	Yes	No	Cbcc management and TA Ndalama	No	No	No	Yes	Yes	"After visiting the toilet, After eating, Before eating"	NA	No	Soap	NA	
10/08/21	 Thyolo	5	40	0	1	-16.0441804	35.2894189	GPS	https://api.mwater.co/v3/images/49a9b5a1fe5243e5bdf95490dea6019d; https://api.mwater.co/v3/images/812f4bb001c541f1bce4ea89be9c81a8	No	NA	NA	NA	NA	NA	NA	700	metres	No	Borehole or tubewell	NA	NA	NA	Yes	1	KM	Yes	Chlorine/water guard	NA	No	No test was done	N/A	No	NA	NA	NA	NA	NA	NA	NA	NA	NA	No plans	NA	No	0	0	No	0	0	No	No	No	Other	N/A	No	NA	NA	Yes	45	Yes	No	No	No	Yes	Yes	NA	NA	Yes	No	More than a year a ago	Yes	Unclean	NA	No kitchen for cooking	Daily	Bloom	No	No	No	Yes	Yes	Yes	Yes	No	Yes	Well wisher	Yes	No	No	Yes	No	"After eating, Before eating, After visiting the toilet"	NA	No	Soap	NA	They use the church but most facilities are not available 
10/11/21	 Thyolo	16	24	0	0	-16.0176806	35.3131019	GPS	https://api.mwater.co/v3/images/54c5bffeae4849b4a22dacdc1b62f21c; https://api.mwater.co/v3/images/112a6fe6cf9b41f0b29b11738040b7fe	No	NA	NA	NA	NA	NA	NA	20	metres	No	Borehole or tubewell	NA	NA	NA	Yes	20	Meters	Yes	Other	not treated 	No	never tested 	Test not performed 	No	NA	NA	NA	NA	NA	NA	NA	NA	NA	no 	NA	Yes	1	1	No	0	0	No	No	No	Other	Monday to Friday 	No	NA	NA	No	0	No	Yes	Yes	No	No	NA	Burns it	NA	Yes	No	More than a year a ago	Yes	Somewhat clean	NA	NA	Other	"Bloom, Mop, Water"	Yes	Yes	No	No	No	No	No	No	No	Well wishers 	No	No	No	Yes	No	"After visiting the toilet, Before eating"	NA	No	Other	buckets 	
10/11/21	 Thyolo	16	20	2	1	-16.0037307	35.2471683	GPS	https://api.mwater.co/v3/images/673bdabce3c1473a917a7f5f938f291a	No	NA	NA	NA	NA	NA	NA	30	metres	No	Borehole or tubewell	NA	NA	NA	Yes	30	Meters	Yes	Other	not treated 	No	no test was conducted 	test not performed 	No	NA	NA	NA	NA	NA	NA	NA	NA	NA	no	NA	No	0	0	No	0	0	No	No	No	Other	toilets not available 	No	NA	NA	No	0	No	No	No	Yes	No	NA	Burns it	NA	Yes	No	More than a year a ago	Yes	Somewhat clean	NA	NA	Other	Bloom	No	No	Yes	No	No	No	No	No	No	noone	No	No	No	Yes	No	After visiting the toilet	NA	No	Other	"buckets, soap, toilets, classrooms "	
10/12/21	 Thyolo	23	36	0	0	-15.9994244	35.2701355	GPS	https://api.mwater.co/v3/images/c4d98525a7414f7db05d741f0714bc2f; https://api.mwater.co/v3/images/0eb5b9fcd54c4a95af5016f381a4e453	No	NA	NA	NA	NA	NA	NA	150	metres	No	Borehole or tubewell	NA	NA	NA	Yes	150	Meters	Yes	Other	not treated 	No	test not conducted previously 	test not conducted previously 	No	NA	NA	NA	NA	NA	NA	NA	NA	NA	no plan	NA	Yes	1	1	No	0	0	No	No	Yes	Other	Monday to Friday 	No	NA	NA	No	0	No	Yes	Yes	No	No	NA	Burns it	NA	Yes	No	More than a year a ago	No	Other	food not provided 	NA	Other	"Bloom, Mop, Water"	No	No	No	No	No	No	No	No	No	donors	No	No	Yes	Yes	No	After visiting the toilet	NA	No	Hand washing stations	NA	
10/12/21	 Thyolo	24	54	0	0	-16.0266698	35.2462622	GPS	https://api.mwater.co/v3/images/d4d24383bd0546c2b7d5d83841c82dc8	No	NA	NA	NA	NA	NA	NA	20	metres	No	Borehole or tubewell	NA	NA	NA	Yes	20	Meters	Yes	Other	not treated 	No	Test not done previously 	test not done previously 	No	NA	NA	NA	NA	NA	NA	NA	NA	NA	no	The CBCC uses the tree shade as a classroom	No	0	0	No	0	0	No	No	No	Other	no toilets	No	NA	NA	No	0	No	No	No	No	No	NA	Burns it	NA	No	No	More than a year a ago	No	Other	no kitchen	the CBCC operates intermittently 	Other	Bloom	No	No	No	No	No	No	No	No	No	well wishers	No	No	No	Yes	No	"After visiting the toilet, Before eating"	NA	No	NA	NA	"Classrooms, buckets, soap"
10/12/21	 Thyolo	3	16	0	0	-15.9943227	35.2467951	GPS	https://api.mwater.co/v3/images/005ad30b27cf487bbb3bb015a9b5c264; https://api.mwater.co/v3/images/d80e7975d81b4d7ca6cd083245f49f42	No	NA	NA	NA	NA	NA	NA	100	metres	No	Borehole or tubewell	NA	NA	NA	Yes	100	Meters	Yes	Other	Not treated 	No	not conducted previously 	not conducted previously 	No	NA	NA	NA	NA	NA	NA	NA	NA	NA	yes	the CBCC uses a CBO building which recently had its roof blown away 	No	0	0	No	0	0	No	No	No	Other	"no functional toilets, they use household latrines "	No	NA	NA	No	0	No	No	No	No	No	NA	Burns it	NA	Yes	Yes	More than a year a ago	No	Other	no kitchen 	NA	Other	Bloom	No	Yes	No	No	No	No	No	No	No	donors 	Yes	No	No	No	No	"After visiting the toilet, Before eating, After eating"	NA	No	NA	NA	"toilets, buckets and soap "
10/12/21	 Thyolo	38	42	2	0	-15.9973658	35.2508863	GPS	https://api.mwater.co/v3/images/d86bef92bcb34cad9a4f953970672daa; https://api.mwater.co/v3/images/e3941fe6e32a4dfca2206440118ff34d	No	NA	NA	NA	NA	NA	NA	200	metres	No	Borehole or tubewell	NA	NA	NA	Yes	200	Meters	Yes	Other	not treated 	No	Test not conducted previously 	Test not conducted previously 	No	NA	NA	NA	NA	NA	NA	NA	NA	NA	no plan so far	NA	No	0	0	No	0	0	No	No	No	Other	no toilet for CBCC	NA	NA	NA	No	0	No	No	No	No	No	NA	Burns it	NA	Yes	No	More than a year a ago	No	Other	no meals provided 	NA	Other	Bloom	No	No	No	No	No	No	No	No	No	Well wishers 	No	No	No	Yes	No	"After visiting the toilet, Before eating, After eating"	NA	No	Hand washing stations	NA	
10/12/21	 Thyolo	20	34	0	0	-16.0221266	35.2758286	GPS	https://api.mwater.co/v3/images/4ec9d58323bb43468f114f7242e93c0c	No	NA	NA	NA	NA	NA	NA	250	metres	No	Borehole or tubewell	NA	NA	NA	Yes	250	Meters	Yes	Other	not treated 	No	test not conducted previously 	test not conducted previously 	No	NA	NA	NA	NA	NA	NA	NA	NA	NA	No plan 	NA	No	0	0	No	0	0	No	No	No	Other	no toilets 	No	NA	NA	No	0	No	No	No	No	No	NA	Burns it	NA	Yes	No	More than a year a ago	No	Other	No meals	NA	Other	Bloom	No	No	No	No	No	No	No	No	No	donors 	No	No	No	No	NA	"After eating, Before eating, After visiting the toilet"	NA	No	Soap	NA	
10/12/21	 Thyolo	20	15	5	1	-16.0036527	35.2337148	GPS	https://api.mwater.co/v3/images/5ebb143e8f7f43978cf63d2f3c6e37e5; https://api.mwater.co/v3/images/298a73bb4c424386b376d78a3cc9fc19	No	NA	NA	NA	NA	NA	NA	300	metres	No	Borehole or tubewell	NA	NA	NA	No	300	Meters	Yes	Other	no treatment 	No	no test conducted 	no test conducted 	No	NA	NA	NA	NA	NA	NA	NA	NA	NA	no plan 	NA	No	0	0	No	0	0	No	No	No	Other	no latrine 	No	NA	NA	No	0	No	No	No	No	No	NA	Burns it	NA	Yes	No	More than a year a ago	No	Other	no meals provided 	NA	Other	Bloom	No	No	No	No	No	No	No	No	No	donnors	No	No	No	Yes	No	"After visiting the toilet, Before eating, After eating"	NA	No	Hand washing stations	NA	
10/12/21	 Thyolo	29	30	1	1	-16.0171541	35.287243	GPS	https://api.mwater.co/v3/images/0d3b3276adef4843972e2d0df4fe3eb1; https://api.mwater.co/v3/images/1cb213479d5b474986cd9e85e463926b	No	NA	NA	NA	NA	NA	NA	100	metres	No	Borehole or tubewell	NA	NA	NA	Yes	100	Meters	Yes	Other	not treated 	No	test not conducted 	test not conducted 	No	NA	NA	NA	NA	NA	NA	NA	NA	NA	Yes	NA	Yes	1	1	No	0	0	No	No	No	Other	Monday to Friday 	No	NA	NA	No	0	No	Yes	Yes	No	No	NA	Burns it	NA	Yes	Yes	More than a year a ago	No	Other	no meals provided 	NA	Other	"Bloom, Mop, Water"	No	No	No	No	No	No	No	No	No	Well wishers 	No	No	No	Yes	No	"After visiting the toilet, After eating, Before eating"	NA	No	Hand washing stations	NA	
10/13/21	 Thyolo	27	35	0	0	-16.0143024	35.3081466	GPS	https://api.mwater.co/v3/images/39f6ab97ca7a45679193f5fc25bfab24	No	NA	NA	NA	NA	NA	NA	200	metres	No	Borehole or tubewell	NA	NA	NA	Yes	200	Meters	Yes	Other	not treated	No	no test conducted 	no test conducted	No	NA	NA	NA	NA	NA	NA	NA	NA	NA	no	NA	No	0	0	No	0	0	No	No	No	Other	no toilets 	No	NA	NA	No	0	No	No	No	No	No	NA	Burns it	NA	Yes	No	More than a year a ago	No	Other	no meals 	NA	Other	Bloom	No	Yes	No	No	No	No	No	No	No	donors 	No	No	No	Yes	No	"After visiting the toilet, Before eating"	NA	No	Other	buckets and soap 	
10/23/21	 Thyolo	18	24	0	0	-16.0742425	35.3163627	GPS	https://api.mwater.co/v3/images/85039673ab1942c7bde2427fe90be5fd	No	NA	NA	NA	NA	NA	NA	60	metres	No	Borehole or tubewell	NA	NA	NA	Yes	60	Meters	No	Chlorine/water guard	NA	No	NA	NA	No	NA	NA	NA	NA	NA	NA	NA	NA	NA	Done	NA	Yes	1	1	No	0	0	No	No	Yes	Daily 	NA	Yes	NA	NA	Yes	2	Yes	Yes	No	No	Yes	Yes	NA	NA	Yes	Yes	Within the month	Yes	Clean 	NA	NA	Daily	Bloom	Yes	Yes	Yes	Yes	No	Yes	Yes	Yes	No	Committee	Yes	Yes	No	Yes	No	"After visiting the toilet, Before eating, After eating"	NA	No	Soap	NA	
10/23/21	 Thyolo	25	35	0	1	-16.1154238	35.3049308	GPS	https://api.mwater.co/v3/images/69d624898fcf492aa27677cfeb75193f	No	NA	NA	NA	NA	NA	NA	3000	metres	No	Borehole or tubewell	NA	NA	NA	Yes	1000	Meters	Yes	Chlorine/water guard	NA	No	Not done	NA	No	NA	NA	NA	NA	NA	NA	NA	NA	NA	Yes	NA	No	0	0	No	0	0	No	No	No	Daily 	NA	Yes	NA	NA	Yes	10	Yes	Yes	No	No	Yes	Yes	NA	NA	Yes	Yes	Within the month	Yes	Somewhat clean	NA	NA	Daily	"Bloom, Mop"	Yes	Yes	No	No	No	No	Yes	Yes	Yes	Teachers	Yes	Yes	No	No	No	"After visiting the toilet, Before eating, After eating, After changing baby nappies"	NA	No	Hand washing stations	NA	
10/23/21	 Thyolo	0	30	36	1	-16.1270387	35.2814173	GPS	https://api.mwater.co/v3/images/38a464a30a20457b96a1842acd7c64a1	No	NA	NA	NA	NA	NA	NA	300	metres	No	Borehole or tubewell	NA	NA	NA	Yes	150	Meters	No	Chlorine/water guard	NA	No	Not done	NA	No	NA	NA	NA	NA	NA	NA	NA	NA	NA	Yes	NA	Yes	1	0	No	0	0	No	No	Yes	Daily 	NA	Yes	NA	NA	Yes	3	Yes	Yes	Yes	No	Yes	Yes	NA	NA	Yes	Yes	Within the month	Yes	Clean 	NA	NA	Daily	"Bloom, Mop, Water"	Yes	Yes	Yes	Yes	No	Yes	Yes	Yes	Yes	Committees	Yes	Yes	No	No	No	"After visiting the toilet, Before eating, After eating, After changing baby nappies"	NA	No	Waste sites 	NA	
10/23/21	 Thyolo	20	25	1	0	-16.118685	35.2568433	GPS	https://api.mwater.co/v3/images/a4a952a272794518a45dc06280cca3da	Yes	Borehole or tubewell	Yes	Functional	Pump rod useal	Yes	9/26/2021	165	Kms	Yes	NA	Satisfied	NA	NA				No	Filtration	NA	No	Not done	NA	No	Yes	No	Yes	NA	No	NA	Community contribution	NA	No	Not done	NA	Yes	1	0	No	0	0	No	No	Yes	Daily 	NA	Yes	NA	NA	No	0	No	Yes	Yes	No	Yes	Yes	NA	NA	Yes	Yes	Within the month	Yes	Somewhat clean	NA	NA	Daily	"Bloom, Mop"	Yes	Yes	Yes	Yes	No	No	No	No	No	Committee	Yes	Yes	No	Yes	No	"After visiting the toilet, Before eating, After eating"	NA	No	Soap	NA	
10/23/21	 Thyolo	31	47	0	0	-16.1216969	35.3153653	GPS	https://api.mwater.co/v3/images/33529f16c98b401eb0a67fc7f13947f2	No	NA	NA	NA	NA	NA	NA	30	metres	No	Borehole or tubewell	NA	NA	NA	Yes	50	Meters	Yes	Chlorine/water guard	NA	No	Not done	NA	No	NA	NA	NA	NA	NA	NA	NA	NA	NA	Yes	NA	No	0	0	No	0	0	No	No	No	Daily 	NA	No	NA	NA	Yes	2	Yes	Yes	Yes	No	Yes	Yes	NA	NA	Yes	Yes	Within the month	No	NA	NA	NA	Daily	"Bloom, Mop, Water"	Yes	No	No	Yes	No	No	Yes	Yes	Yes	Staff	No	No	No	No	No	"After visiting the toilet, Before eating, After eating, After changing baby nappies"	NA	No	Hand washing stations	NA	
10/23/21	 Thyolo	18	22	0	0	-16.1441339	35.2653739	GPS	https://api.mwater.co/v3/images/803be6ef47bd43bdb3b4c45b01b20e85	Yes	Borehole or tubewell	Yes	Functional	NA	No	9/3/2021	45	metres	Yes	NA	Satisfied	NA	NA				Yes	Chlorine/water guard	NA	No	NA	NA	No	Yes	No	Yes	NA	No	NA	Water point fee	NA	Yes	Yes	Cleaness  around the Botrehole	Yes	2	1	No	0	0	Yes	No	Yes	Daily 	NA	No	NA	NA	No	0	Yes	Yes	Yes	No	No	NA	Burns it	NA	No	No	Within the year	Yes	Somewhat clean	NA	NA	Monthly	Bloom	Yes	Yes	No	Yes	No	No	No	No	Yes	Teachers	Yes	Yes	No	No	No	"After visiting the toilet, After eating, Before eating, After changing baby nappies"	NA	No	Water availability	NA	
10/23/21	 Thyolo	12	20	0	1	-16.1282793	35.3154188	GPS	https://api.mwater.co/v3/images/b8bf5ea4cf184317acd7304925125557	No	NA	NA	NA	NA	NA	NA	1200	metres	No	Borehole or tubewell	NA	NA	NA	Yes	1200	Meters	No	Chlorine/water guard	NA	No	Not done	NA	No	NA	NA	NA	NA	NA	NA	NA	NA	NA	Not done	NA	Yes	1	1	Yes	1	1	Yes	Yes	Yes	Daily 	NA	Yes	NA	NA	No	0	Yes	Yes	No	No	No	NA	Burns it	NA	Yes	Yes	Within the month	Yes	Somewhat clean	NA	NA	Daily	"Bloom, Mop"	Yes	Yes	No	No	No	No	Yes	Yes	No	Committees	No	No	No	No	No	"After visiting the toilet, Before eating, After eating"	NA	No	Water availability	NA	
10/23/21	 Thyolo	36	42	4	2	-16.0553801	35.2798073	GPS	https://api.mwater.co/v3/images/d02385bd57ec4158bbe62e100403ddb1	Yes	Borehole or tubewell	Yes	Functional	NA	No	9/9/2021	30	metres	Yes	NA	Satisfied	NA	NA				Yes	Chlorine/water guard	NA	No	No	NA	No	Yes	No	No	NA	Yes	" K50,000 or less"	Community contribution	NA	Yes	Yes	NA	Yes	1	1	No	0	0	Yes	No	Yes	Daily 	NA	Yes	NA	NA	Yes	7	Yes	Yes	Yes	No	Yes	Yes	NA	NA	Yes	Yes	Within the month	No	Somewhat clean	NA	NA	After every two days	"Bloom, Mop"	Yes	Yes	Yes	No	No	No	No	Yes	Yes	Committee	Yes	Yes	No	Yes	No	"After visiting the toilet, Before eating, After eating, After changing baby nappies"	NA	No	Soap	NA	
10/23/21	 Thyolo	10	10	0	0	-16.098195	35.2671317	GPS	https://api.mwater.co/v3/images/d747bf42032e4f91a6d69e496ee1d3de	No	NA	NA	NA	NA	NA	NA	150	metres	No	Borehole or tubewell	NA	NA	NA	Yes	150	Meters	Yes	Chlorine/water guard	NA	No	Not done	Not done	No	NA	NA	NA	NA	NA	NA	NA	NA	NA	No	NA	No	0	0	No	0	0	No	No	No	Monthly	NA	Yes	NA	NA	No	0	No	Yes	No	No	No	NA	Burns it	NA	Yes	Yes	Within the year	Yes	Clean 	NA	NA	Daily	"Bloom, Mop"	Yes	Yes	No	Yes	No	Yes	No	No	No	Committe	Yes	No	No	Yes	No	"After visiting the toilet, Before eating, After eating, After changing baby nappies"	NA	No	Hand washing stations	NA	
10/23/21	 Thyolo	11	39	1	0	-16.0876301	35.2925218	GPS	https://api.mwater.co/v3/images/362542605d7c460892781f14bfa3614b	No	NA	NA	NA	NA	NA	NA	2000	metres	No	Borehole or tubewell	NA	NA	NA	Yes	2000	Meters	No	Chlorine/water guard	NA	No	Not done	Not done	No	NA	NA	NA	NA	NA	NA	NA	NA	NA	Done	NA	Yes	1	1	No	0	0	No	No	Yes	Daily 	NA	No	NA	NA	No	0	Yes	No	No	Yes	No	NA	Burns it	NA	Yes	Yes	Within the year	Yes	Clean 	NA	NA	Daily	"Bloom, Mop"	Yes	Yes	No	No	Yes	Yes	Yes	No	Yes	Teachers	Yes	No	No	Yes	No	"After visiting the toilet, Before eating, After eating"	NA	No	Water availability	NA	
10/25/21	 Thyolo	20	30	0	0	-16.2993528	35.2275655	GPS	https://api.mwater.co/v3/images/4b6170cbacaf4a94bfb1535cae1ef507	No	NA	NA	NA	NA	NA	NA	450	metres	No	Unprotected dug well	NA	NA	NA	Yes	450	Meters	Yes	Chlorine/water guard	NA	No	Never conducted	Not known	No	NA	NA	NA	NA	NA	NA	NA	NA	NA	Not in place	NA	Yes	1	0	No	0	0	No	Yes	Yes	Daily 	NA	No	NA	NA	No	0	Yes	Yes	Yes	No	No	NA	Burns it	NA	Yes	Yes	Within the year	Yes	Somewhat clean	NA	NA	Daily	"Bloom, Mop, Water"	No	No	No	No	No	No	Yes	No	Yes	Parents	No	No	No	Yes	No	"After visiting the toilet, Before eating, After changing baby nappies, After eating"	NA	No	Water availability	NA	
10/25/21	 Thyolo	16	21	0	0	-16.3075262	35.2586887	GPS	https://api.mwater.co/v3/images/69d1f25d96c84dbd80484c607256fb98; https://api.mwater.co/v3/images/daf1f20b4a2a4aaf9e66d60173d9aab1	Yes	Borehole or tubewell	Yes	Not functional 	NA	NA	3/30/2021	20	metres	Yes	NA	Very satisfied	NA	NA				Yes	Chlorine/water guard	NA	Yes	Never	Not known	Yes	Yes	No	Yes	NA	Yes	" K50,000 or less"	Community contribution	NA	Yes	Not in place	NA	Yes	1	1	No	0	0	No	No	Yes	Daily 	NA	No	NA	NA	No	0	Yes	Yes	Yes	No	No	NA	Burns it	NA	Yes	Yes	Within the year	Yes	Somewhat clean	NA	NA	Daily	Bloom	Yes	Yes	No	No	No	No	Yes	No	Yes	Parents	Yes	No	No	Yes	No	"After visiting the toilet, Before eating, After eating, After changing baby nappies, Before breastfeeding"	NA	No	Water availability	NA	
10/25/21	 Thyolo	22	30	0	0	-16.311705	35.2209368	GPS	https://api.mwater.co/v3/images/13818be377d34f5491c8b7921ff4697c; https://api.mwater.co/v3/images/05128c96d156420586dc64e0c327ebda	No	NA	NA	NA	NA	NA	NA	400	metres	No	Borehole or tubewell	NA	NA	NA	Yes	400	Meters	Yes	Chlorine/water guard	NA	Yes	Never conducted	Not known	Yes	NA	NA	NA	NA	NA	NA	NA	NA	NA	Not in place	NA	Yes	1	0	No	0	0	No	No	Yes	Daily 	NA	No	NA	NA	No	0	Yes	Yes	Yes	No	No	NA	Burns it	NA	No	No	Within the year	Yes	Clean 	NA	NA	Daily	Bloom	No	No	No	No	No	No	No	No	No	Parents	No	No	No	Yes	No	"After visiting the toilet, Before eating, After eating"	NA	No	Water availability	NA	"Lack of learning shelter, equipment, food, first aid kit"
10/25/21	 Thyolo	15	18	0	0	-16.2913908	35.2263877	GPS	https://api.mwater.co/v3/images/85d0e74a73aa4beba48b7a5f0a93597e; https://api.mwater.co/v3/images/8473c814758e4a37a0ff86b950ff741a	No	NA	NA	NA	NA	NA	NA	300	metres	No	Borehole or tubewell	NA	NA	NA	Yes	300	Meters	Yes	Chlorine/water guard	NA	Yes	Never conducted	Not sure	Yes	NA	NA	NA	NA	NA	NA	NA	NA	NA	Not in place	NA	Yes	1	0	No	0	0	No	No	Yes	Daily 	NA	No	NA	NA	No	0	No	Yes	Yes	No	No	NA	Burns it	NA	Yes	Yes	Within the year	Yes	Somewhat clean	NA	NA	Daily	"Bloom, Mop"	Yes	Yes	No	No	No	No	Yes	No	Yes	Parents	No	No	No	Yes	No	"After visiting the toilet, Before eating, After eating, After changing baby nappies"	NA	No	Water availability	NA	
10/25/21	 Thyolo	17	22	0	0	-16.3028223	35.2045777	GPS	https://api.mwater.co/v3/images/ad685d8163ec4a1d9510472e57e0ef31; https://api.mwater.co/v3/images/ecda0255b13446e091fe8e6db247287d	No	NA	NA	NA	NA	NA	NA	700	metres	No	Borehole or tubewell	NA	NA	NA	Yes	700	Meters	Yes	Chlorine/water guard	NA	Yes	Never conducted	Not known	Yes	NA	NA	NA	NA	NA	NA	NA	NA	NA	No plans in place	NA	Yes	1	1	No	0	0	No	No	Yes	Daily 	NA	No	NA	NA	No	0	Yes	Yes	Yes	No	No	NA	Burns it	NA	Yes	Yes	Within the year	Yes	Clean 	NA	NA	Daily	"Bloom, Mop"	Yes	Yes	No	No	No	No	Yes	No	Yes	Parents	Yes	No	No	Yes	No	"After visiting the toilet, Before eating, After eating, After changing baby nappies"	NA	No	Water availability	NA	
10/25/21	 Thyolo	13	11	0	0	-15.9996717	35.2541378	GPS	https://api.mwater.co/v3/images/8929ce037b52428497f3ebc9b4c9af37	No	NA	NA	NA	NA	NA	NA	50	metres	No	Borehole or tubewell	NA	NA	NA	Yes	50	Meters	Yes	Other	not treated 	No	Test not conducted 	test not conducted 	No	NA	NA	NA	NA	NA	NA	NA	NA	NA	no plan	The CBCC uses the caregivers home as a classroom	No	0	0	No	0	0	No	No	No	Other	no toilets for kids	No	NA	NA	No	0	No	No	No	No	No	NA	Burns it	NA	Yes	No	More than a year a ago	No	Other	"classrooms, buckets, soap, toilets "	NA	Daily	Bloom	No	No	No	No	No	No	No	No	No	well wishers 	No	No	No	Yes	No	"After visiting the toilet, Before eating, After eating"	NA	No	Other	"Toilets, buckets, soap"	
										No	NA	NA	NA	NA	NA	NA				NA	NA	NA	NA					NA	NA	NA		NA	NA	NA	NA	NA	NA	NA	NA	NA	NA	NA	NA	NA	NA	0	0	NA	0	0	NA	NA	NA	NA	NA	NA	NA	NA	NA	0	NA	NA	NA	NA	NA	NA	NA	NA	NA	NA	NA	NA	NA	NA	NA	NA	NA	NA	NA	NA	NA	NA	NA	NA	NA	NA	NA	NA	NA	NA	NA	NA	NA	NA	NA	NA	NA	
										No	NA	NA	NA	NA	NA	NA				NA	NA	NA	NA					NA	NA	NA		NA	NA	NA	NA	NA	NA	NA	NA	NA	NA	NA	NA	NA	NA	0	0	NA	0	0	NA	NA	NA	NA	NA	NA	NA	NA	NA	0	NA	NA	NA	NA	NA	NA	NA	NA	NA	NA	NA	NA	NA	NA	NA	NA	NA	NA	NA	NA	NA	NA	NA	NA	NA	NA	NA	NA	NA	NA	NA	NA	NA	NA	NA	NA	NA	
